date,cold,flu,pneumonia,coronavirus
2016-01-01,0.11663,0.0559,0.15726,0.00736
2016-01-02,0.13372,0.17135,0.20826,0.0089
2016-01-03,0.14917,0.22317,0.19326,0.00845
2016-01-04,0.17463,0.18626,0.29008,0.01145
2016-01-05,0.17226,0.15072,0.24562,0.01381
2016-01-06,0.17272,0.14399,0.25081,0.01381
2016-01-07,0.1739,0.12408,0.25135,0.0119
2016-01-08,0.16735,0.12499,0.29044,0.01572
2016-01-09,0.13463,0.1019,0.2439,0.01036
2016-01-10,0.15135,0.33062,0.21108,0.00699
2016-01-11,0.18444,0.50643,0.26353,0.01299
2016-01-12,0.17963,0.34608,0.21962,0.01572
2016-01-13,0.17026,0.23244,0.22717,0.01163
2016-01-14,0.16535,0.40198,0.21962,0.01227
2016-01-15,0.16999,0.40853,0.2199,0.01081
2016-01-16,0.14081,0.22972,0.17163,0.00727
2016-01-17,0.1499,0.20881,0.15617,0.00599
2016-01-18,0.18926,0.30953,0.23681,0.01118
2016-01-19,0.17472,0.24899,0.19699,0.0129
2016-01-20,0.1739,0.24317,0.19663,0.01145
2016-01-21,0.16954,0.24217,0.19199,0.01245
2016-01-22,0.1589,0.23017,0.1849,0.01345
2016-01-23,0.14354,0.24471,0.14881,0.00963
2016-01-24,0.15554,0.22708,0.12599,0.00609
2016-01-25,0.18708,0.34608,0.20835,0.00927
2016-01-26,0.17026,0.35026,0.19226,0.01136
2016-01-27,0.5158,0.33535,0.19799,0.01054
2016-01-28,0.18508,0.37526,0.20208,0.01454
2016-01-29,0.16663,0.37398,0.19772,0.01499
2016-01-30,0.14799,0.35298,0.16263,0.00881
2016-01-31,0.15363,0.35371,0.14126,0.0099
2016-02-01,0.19844,0.64398,0.21481,0.01409
2016-02-02,0.20026,0.62743,0.2059,0.0129
2016-02-03,0.2019,0.61498,0.20508,0.01172
2016-02-04,0.21681,0.76734,0.21335,0.0109
2016-02-05,0.2179,0.92333,0.20935,0.01427
2016-02-06,0.17563,0.99815,0.18508,0.00881
2016-02-07,0.17154,0.72443,0.15526,0.00636
2016-02-08,0.17017,0.6437,0.14608,0.00581
2016-02-09,0.2089,0.76224,0.16954,0.00681
2016-02-10,0.23735,0.94451,0.21781,0.00799
2016-02-11,0.26653,1.35459,0.27326,0.00999
2016-02-12,0.2709,1.29496,0.23999,0.01399
2016-02-13,0.24172,1.18641,0.2149,0.00927
2016-02-14,0.21917,0.91733,0.17817,0.00672
2016-02-15,0.28108,1.75503,0.26499,0.00981
2016-02-16,0.25562,1.35777,0.23226,0.01009
2016-02-17,0.21844,0.9886,0.22308,0.01136
2016-02-18,0.21099,0.91279,0.21872,0.01181
2016-02-19,0.19608,0.77324,0.20581,0.0109
2016-02-20,0.16472,0.62498,0.16354,0.00799
2016-02-21,0.1799,0.92951,0.14863,0.00627
2016-02-22,0.21926,1.29477,0.2309,0.00809
2016-02-23,0.20472,1.08751,0.20208,0.00863
2016-02-24,0.19053,0.78843,0.21135,0.00999
2016-02-25,0.18144,0.70488,0.20117,0.01072
2016-02-26,0.17708,0.61043,0.20053,0.01099
2016-02-27,0.1439,0.4448,0.17072,0.00718
2016-02-28,0.13372,0.42498,0.1439,0.00654
2016-02-29,0.16799,0.52589,0.21381,0.00618
2016-03-01,0.14663,0.40371,0.17344,0.00754
2016-03-02,0.1459,0.44916,0.20008,0.00854
2016-03-03,0.12299,0.37035,0.16644,0.01099
2016-03-04,0.10772,0.37517,0.17772,0.01672
2016-03-05,0.11926,0.32389,0.16526,0.00945
2016-03-06,0.11826,0.31944,0.15717,0.00472
2016-03-07,0.14526,0.40835,0.21799,0.01072
2016-03-08,0.1319,0.34817,0.1989,0.00981
2016-03-09,0.1279,0.32789,0.18953,0.0109
2016-03-10,0.13945,0.26753,0.18672,0.01172
2016-03-11,0.21408,0.28317,0.16908,0.00972
2016-03-12,0.12781,0.24871,0.14281,0.0089
2016-03-13,0.14981,0.26499,0.13926,0.00836
2016-03-14,0.16235,0.36389,0.19708,0.01118
2016-03-15,0.15644,0.34489,0.19308,0.01163
2016-03-16,0.1559,0.32689,0.18781,0.00963
2016-03-17,0.15554,0.34471,0.18181,0.01236
2016-03-18,0.14417,0.49416,0.17563,0.01027
2016-03-19,0.1329,0.39907,0.15145,0.01154
2016-03-20,0.13863,0.39662,0.14408,0.00945
2016-03-21,0.16735,0.56989,0.21199,0.00963
2016-03-22,0.3788,0.5188,0.2139,0.01309
2016-03-23,0.17335,0.41671,0.20199,0.01236
2016-03-24,0.18126,0.43062,0.21072,0.01372
2016-03-25,0.16626,0.38089,0.20963,0.01463
2016-03-26,0.14972,0.34526,0.17572,0.00981
2016-03-27,0.18963,0.30744,0.16926,0.00827
2016-03-28,0.20944,0.4638,0.23108,0.01254
2016-03-29,0.18699,0.42253,0.22944,0.01418
2016-03-30,0.1729,0.40507,0.22672,0.01972
2016-03-31,0.17172,0.38026,0.22053,0.01181
2016-04-01,0.15026,0.3538,0.21399,0.00963
2016-04-02,0.13845,0.29408,0.19181,0.01472
2016-04-03,0.15781,0.28408,0.18781,0.02063
2016-04-04,0.17863,0.4138,0.25281,0.01572
2016-04-05,0.15635,0.35189,0.22935,0.03454
2016-04-06,0.14535,0.33144,0.22699,0.01763
2016-04-07,0.15317,0.2879,0.2259,0.01081
2016-04-08,0.12672,0.26317,0.21581,0.00981
2016-04-09,0.11854,0.22526,0.18072,0.00636
2016-04-10,0.12135,0.21281,0.17099,0.00672
2016-04-11,0.15063,0.3038,0.23117,0.01136
2016-04-12,0.13299,0.25217,0.21544,0.00972
2016-04-13,0.12272,0.19226,0.18617,0.01209
2016-04-14,0.13108,0.20299,0.21035,0.00799
2016-04-15,0.12508,0.16844,0.21353,0.00872
2016-04-16,0.11308,0.15299,0.19163,0.01045
2016-04-17,0.12026,0.13981,0.15308,0.00809
2016-04-18,0.14126,0.19935,0.23362,0.01036
2016-04-19,0.12345,0.15363,0.20944,0.0099
2016-04-20,0.13063,0.13708,0.20826,0.00909
2016-04-21,0.11845,0.12117,0.20517,0.01009
2016-04-22,0.10136,0.11408,0.19363,0.00836
2016-04-23,0.10545,0.09572,0.17026,0.00518
2016-04-24,0.10117,0.08545,0.14835,0.01063
2016-04-25,0.13863,0.12081,0.22144,0.01363
2016-04-26,0.12545,0.12063,0.20981,0.00972
2016-04-27,0.36226,0.1039,0.21408,0.01127
2016-04-28,0.13108,0.08645,0.22662,0.01045
2016-04-29,0.11672,0.08099,0.20617,0.00972
2016-04-30,0.11236,0.06881,0.17563,0.00836
2016-05-01,0.10645,0.06327,0.16017,0.00672
2016-05-02,0.13054,0.08927,0.22681,0.00945
2016-05-03,0.1249,0.07308,0.22472,0.00854
2016-05-04,0.11481,0.05745,0.19881,0.00963
2016-05-05,0.10172,0.03999,0.14763,0.00536
2016-05-06,0.10236,0.05008,0.17399,0.00563
2016-05-07,0.09481,0.04781,0.16135,0.01127
2016-05-08,0.09763,0.04908,0.15417,0.00772
2016-05-09,0.13608,0.06854,0.23608,0.00827
2016-05-10,0.12935,0.05836,0.22072,0.01045
2016-05-11,0.13072,0.10599,0.21244,0.01118
2016-05-12,0.12126,0.07836,0.20226,0.00745
2016-05-13,0.11317,0.05427,0.19608,0.00836
2016-05-14,0.11181,0.03972,0.14172,0.00936
2016-05-15,0.12126,0.04218,0.15481,0.01127
2016-05-16,0.13881,0.05199,0.23026,0.01136
2016-05-17,0.13199,0.04736,0.22872,0.00981
2016-05-18,0.1269,0.04699,0.21835,0.01172
2016-05-19,0.12881,0.04763,0.21453,0.01054
2016-05-20,0.11754,0.04727,0.19835,0.01072
2016-05-21,0.10217,0.03636,0.15935,0.00918
2016-05-22,0.11863,0.04063,0.15454,0.00745
2016-05-23,0.14545,0.05099,0.22881,0.01181
2016-05-24,0.12817,0.04354,0.21762,0.01036
2016-05-25,0.12017,0.03936,0.20244,0.01218
2016-05-26,0.11381,0.03845,0.19363,0.0099
2016-05-27,0.10572,0.03045,0.18753,0.00918
2016-05-28,0.10145,0.02927,0.1529,0.00863
2016-05-29,0.09899,0.0309,0.15863,0.00872
2016-05-30,0.13226,0.04154,0.22172,0.00927
2016-05-31,0.12854,0.03718,0.1999,0.01372
2016-06-01,0.26908,0.03281,0.19463,0.01254
2016-06-02,0.14117,0.02945,0.18663,0.01036
2016-06-03,0.11154,0.03054,0.18154,0.00981
2016-06-04,0.10181,0.02718,0.15872,0.00827
2016-06-05,0.09599,0.02763,0.1449,0.00963
2016-06-06,0.12245,0.03199,0.15944,0.01054
2016-06-07,0.12563,0.03908,0.21626,0.01272
2016-06-08,0.11236,0.03518,0.19881,0.01099
2016-06-09,0.11263,0.0329,0.18899,0.01454
2016-06-10,0.10263,0.02618,0.15772,0.00799
2016-06-11,0.10263,0.02109,0.13599,0.0069
2016-06-12,0.10836,0.02627,0.13263,0.00727
2016-06-13,0.10899,0.03172,0.18517,0.00681
2016-06-14,0.10554,0.03299,0.16154,0.0109
2016-06-15,0.10863,0.02609,0.15699,0.01154
2016-06-16,0.10272,0.02727,0.16699,0.00845
2016-06-17,0.10236,0.02381,0.15781,0.00772
2016-06-18,0.08172,0.02199,0.12345,0.0069
2016-06-19,0.09826,0.02545,0.12635,0.00863
2016-06-20,0.10726,0.02836,0.17244,0.01181
2016-06-21,0.10445,0.02509,0.1419,0.00836
2016-06-22,0.11036,0.02636,0.14699,0.00899
2016-06-23,0.15154,0.02454,0.14581,0.00854
2016-06-24,0.11699,0.02163,0.13517,0.0059
2016-06-25,0.10508,0.01954,0.10736,0.00627
2016-06-26,0.09908,0.02145,0.10572,0.00745
2016-06-27,0.12172,0.02436,0.14908,0.00699
2016-06-28,0.10745,0.02363,0.15281,0.00627
2016-06-29,0.10636,0.02109,0.14735,0.00636
2016-06-30,0.09626,0.01845,0.13845,0.00599
2016-07-01,0.09445,0.01627,0.12854,0.00599
2016-07-02,0.09281,0.01572,0.10808,0.00399
2016-07-03,0.0929,0.01699,0.10426,0.00418
2016-07-04,0.12463,0.02127,0.15126,0.00599
2016-07-05,0.10854,0.01872,0.13308,0.00454
2016-07-06,0.09881,0.01745,0.13708,0.00563
2016-07-07,0.10263,0.01854,0.12926,0.00636
2016-07-08,0.09299,0.01999,0.12717,0.00609
2016-07-09,0.09199,0.01563,0.11045,0.00527
2016-07-10,0.0989,0.01572,0.09263,0.00527
2016-07-11,0.10772,0.02172,0.14526,0.00681
2016-07-12,0.10563,0.02145,0.13526,0.00681
2016-07-13,0.1159,0.01536,0.13035,0.00518
2016-07-14,0.10836,0.01799,0.13381,0.00663
2016-07-15,0.13454,0.02018,0.1299,0.0069
2016-07-16,0.14172,0.01381,0.10417,0.0049
2016-07-17,0.14917,0.01699,0.09663,0.00618
2016-07-18,0.14172,0.02136,0.15272,0.00718
2016-07-19,0.12226,0.01781,0.14463,0.00727
2016-07-20,0.19826,0.01918,0.13645,0.00654
2016-07-21,0.20535,0.01672,0.12935,0.00627
2016-07-22,0.17672,0.02054,0.13363,0.00518
2016-07-23,1.09578,0.01699,0.1079,0.00445
2016-07-24,0.29944,0.01799,0.10199,0.00445
2016-07-25,0.20472,0.0189,0.14226,0.00572
2016-07-26,0.15717,0.01754,0.13099,0.00518
2016-07-27,0.93669,0.01536,0.13354,0.00436
2016-07-28,0.19772,0.01554,0.1249,0.00509
2016-07-29,0.13626,0.01681,0.12426,0.00454
2016-07-30,0.13372,0.01181,0.10163,0.0049
2016-07-31,0.13835,0.01127,0.08554,0.0029
2016-08-01,0.14199,0.01418,0.13835,0.00481
2016-08-02,0.13863,0.0139,0.1229,0.00554
2016-08-03,0.18417,0.01654,0.15326,0.00436
2016-08-04,0.15763,0.01563,0.16017,0.00681
2016-08-05,0.2799,0.01399,0.14626,0.00536
2016-08-06,0.11126,0.01145,0.10926,0.00345
2016-08-07,0.11772,0.01481,0.1049,0.00427
2016-08-08,0.12226,0.01381,0.16354,0.00545
2016-08-09,0.10426,0.01445,0.15717,0.00472
2016-08-10,0.09636,0.01463,0.15163,0.00645
2016-08-11,0.09945,0.01663,0.14917,0.00636
2016-08-12,0.09908,0.01436,0.12835,0.00445
2016-08-13,0.11745,0.00981,0.11099,0.00336
2016-08-14,0.73479,0.01109,0.09236,0.00309
2016-08-15,0.43025,0.01254,0.10772,0.00436
2016-08-16,0.12317,0.01645,0.1699,0.00381
2016-08-17,0.14472,0.01736,0.14926,0.00536
2016-08-18,0.12445,0.01736,0.14826,0.00563
2016-08-19,0.11263,0.01336,0.14826,0.00645
2016-08-20,0.09408,0.0129,0.11645,0.00527
2016-08-21,0.10417,0.01281,0.10717,0.00627
2016-08-22,0.11554,0.01927,0.17035,0.00463
2016-08-23,0.11272,0.02199,0.15344,0.00609
2016-08-24,0.10045,0.02227,0.16035,0.00372
2016-08-25,0.10254,0.02799,0.15926,0.00545
2016-08-26,0.11599,0.02409,0.14826,0.00454
2016-08-27,0.12481,0.01999,0.12954,0.00418
2016-08-28,0.15363,0.02145,0.12935,0.00927
2016-08-29,0.15781,0.03599,0.18835,0.00481
2016-08-30,0.1659,0.05936,0.16326,0.00527
2016-08-31,0.36308,0.05436,0.16354,0.00572
2016-09-01,0.13926,0.04727,0.16599,0.00509
2016-09-02,0.13181,0.05045,0.16608,0.00609
2016-09-03,0.11954,0.03045,0.14726,0.00609
2016-09-04,0.11808,0.02963,0.12717,0.00472
2016-09-05,0.14426,0.05808,0.20799,0.00545
2016-09-06,0.13354,0.06408,0.18999,0.00645
2016-09-07,0.13172,0.06099,0.18626,0.00727
2016-09-08,0.12808,0.05245,0.18117,0.00718
2016-09-09,0.12017,0.05745,0.16354,0.00618
2016-09-10,0.12308,0.03736,0.14681,0.04608
2016-09-11,0.1489,0.03954,0.12935,0.01045
2016-09-12,0.15726,0.06554,0.31053,0.01081
2016-09-13,0.14117,0.05127,0.2079,0.00663
2016-09-14,0.13826,0.03099,0.17572,0.00627
2016-09-15,0.13681,0.02945,0.17044,0.00554
2016-09-16,0.14445,0.03499,0.17099,0.00481
2016-09-17,0.15899,0.03945,0.1699,0.00672
2016-09-18,0.17117,0.05345,0.15844,0.00663
2016-09-19,0.20544,0.09354,0.2519,0.0109
2016-09-20,0.19017,0.11008,0.20953,0.01145
2016-09-21,0.19872,0.11526,0.20644,0.00836
2016-09-22,0.18172,0.10972,0.19726,0.00936
2016-09-23,0.16744,0.11054,0.18353,0.00881
2016-09-24,0.16326,0.08399,0.15199,0.0049
2016-09-25,0.16954,0.06217,0.14935,0.00654
2016-09-26,0.18726,0.14554,0.22599,0.00836
2016-09-27,0.16417,0.22299,0.22253,0.00799
2016-09-28,0.18453,0.13035,0.19899,0.00654
2016-09-29,0.1829,0.11145,0.19281,0.00618
2016-09-30,0.17099,0.11099,0.19499,0.00518
2016-10-01,0.72861,0.08817,0.16517,0.00472
2016-10-02,0.19744,0.06954,0.14208,0.00399
2016-10-03,0.19435,0.11654,0.15754,0.00618
2016-10-04,0.18244,0.22072,0.22481,0.00627
2016-10-05,0.16272,0.18399,0.19308,0.00718
2016-10-06,0.16517,0.15435,0.1959,0.00654
2016-10-07,0.1509,0.14563,0.18253,0.00545
2016-10-08,0.13572,0.11563,0.14863,0.0079
2016-10-09,0.15908,0.09499,0.13072,0.00399
2016-10-10,0.21144,0.19563,0.19908,0.00799
2016-10-11,0.20999,0.19108,0.20053,0.00654
2016-10-12,0.18817,0.17872,0.20535,0.00818
2016-10-13,0.19181,0.18372,0.20126,0.00527
2016-10-14,0.15981,0.16344,0.1849,0.00618
2016-10-15,0.1349,0.12981,0.15599,0.00581
2016-10-16,0.14754,0.09581,0.15045,0.00699
2016-10-17,0.1769,0.18999,0.2409,0.01018
2016-10-18,0.15781,0.16781,0.22226,0.0079
2016-10-19,0.15526,0.14845,0.2279,0.00981
2016-10-20,0.15654,0.12817,0.21072,0.01099
2016-10-21,0.15017,0.11954,0.20363,0.00827
2016-10-22,0.13963,0.10845,0.16063,0.00854
2016-10-23,0.14372,0.08517,0.15635,0.00718
2016-10-24,0.16699,0.13935,0.23253,0.0109
2016-10-25,0.15217,0.13172,0.21444,0.01209
2016-10-26,0.15472,0.12181,0.21163,0.01054
2016-10-27,0.16608,0.13445,0.2109,0.00963
2016-10-28,0.14645,0.13872,0.20544,0.01018
2016-10-29,0.14335,0.09317,0.14954,0.00745
2016-10-30,0.15544,0.07936,0.13135,0.00745
2016-10-31,0.18499,0.12517,0.22044,0.01027
2016-11-01,0.18499,0.11999,0.21035,0.01109
2016-11-02,0.17999,0.12635,0.1999,0.01063
2016-11-03,0.17563,0.11045,0.20908,0.00999
2016-11-04,0.14545,0.10672,0.20217,0.01045
2016-11-05,0.13908,0.08117,0.16317,0.00872
2016-11-06,0.14454,0.06981,0.16217,0.01218
2016-11-07,0.16417,0.11072,0.26462,0.01227
2016-11-08,0.17172,0.11536,0.25862,0.01336
2016-11-09,0.15772,0.09626,0.23344,0.0149
2016-11-10,0.15017,0.09099,0.22081,0.0159
2016-11-11,0.13817,0.09581,0.20817,0.01172
2016-11-12,0.11854,0.07945,0.17244,0.00854
2016-11-13,0.13526,0.08736,0.16308,0.00836
2016-11-14,0.15908,0.11408,0.27953,0.01099
2016-11-15,0.13854,0.1179,0.24072,0.01199
2016-11-16,0.14463,0.11054,0.2379,0.01081
2016-11-17,0.14954,0.11199,0.22244,0.01263
2016-11-18,0.13945,0.10617,0.22653,0.01072
2016-11-19,0.11872,0.08363,0.17999,0.01272
2016-11-20,0.11863,0.07645,0.15799,0.01054
2016-11-21,0.16335,0.14308,0.27644,0.01309
2016-11-22,0.15799,0.12526,0.26544,0.01318
2016-11-23,0.17499,0.16772,0.24017,0.01509
2016-11-24,0.18481,0.14717,0.22535,0.01454
2016-11-25,0.16581,0.14526,0.21926,0.01554
2016-11-26,0.13426,0.11817,0.18099,0.01245
2016-11-27,0.13699,0.11745,0.17281,0.01399
2016-11-28,0.18544,0.2139,0.27362,0.0139
2016-11-29,0.1759,0.20817,0.25717,0.01463
2016-11-30,0.18872,0.2179,0.2539,0.01518
2016-12-01,0.17599,0.28408,0.23881,0.01472
2016-12-02,0.1619,0.34708,0.22108,0.01354
2016-12-03,0.15217,0.31562,0.21572,0.01363
2016-12-04,0.16063,0.31817,0.18272,0.01118
2016-12-05,0.20381,0.6877,0.29135,0.01299
2016-12-06,0.18117,0.62707,0.24181,0.01881
2016-12-07,0.21063,0.6207,0.24708,0.01627
2016-12-08,0.23072,1.0266,0.25217,0.01445
2016-12-09,0.20435,1.03542,0.24271,0.01727
2016-12-10,0.37389,0.83088,0.19881,0.01509
2016-12-11,0.2459,1.04142,0.18653,0.01363
2016-12-12,0.30035,1.89167,0.28208,0.02081
2016-12-13,0.28808,1.80776,0.25217,0.02045
2016-12-14,0.26753,1.57204,0.2499,0.01799
2016-12-15,0.3078,2.58237,0.26362,0.03736
2016-12-16,0.33444,2.99181,0.22944,0.03345
2016-12-17,0.28644,2.1972,0.20135,0.01445
2016-12-18,0.31435,2.02812,0.18563,0.0159
2016-12-19,0.39171,3.37689,0.31699,0.02699
2016-12-20,0.37553,27.32727,0.3278,0.02436
2016-12-21,0.3278,4.73285,0.28044,0.02336
2016-12-22,0.30017,3.49098,0.27199,0.02045
2016-12-23,0.26317,2.50792,0.23581,0.02154
2016-12-24,0.20381,1.65404,0.19263,0.01527
2016-12-25,0.21653,1.65531,0.17181,0.01127
2016-12-26,0.28299,2.52256,0.27653,0.01481
2016-12-27,0.26081,1.95185,0.25044,0.01927
2016-12-28,0.23708,1.57731,0.23435,0.01799
2016-12-29,0.23153,1.32214,0.20953,0.01909
2016-12-30,0.2069,1.16187,0.21908,0.01899
2016-12-31,0.18353,0.84988,0.17081,0.01581
2017-01-01,0.15808,0.67943,0.15299,0.01163
2017-01-02,0.21226,1.06214,0.23344,0.01463
2017-01-03,0.18199,0.83679,0.21353,0.01509
2017-01-04,0.20208,0.74097,0.2159,0.01545
2017-01-05,0.17499,0.66007,0.2129,0.01899
2017-01-06,0.18335,0.56907,0.20263,0.01854
2017-01-07,0.13863,0.40398,0.16044,0.01145
2017-01-08,0.15381,0.3908,0.14799,0.00745
2017-01-09,0.20481,0.5568,0.2149,0.01245
2017-01-10,0.18163,0.41835,0.17626,0.01518
2017-01-11,0.16608,0.35789,0.16881,0.01227
2017-01-12,0.16181,0.31317,0.18172,0.01409
2017-01-13,0.77306,0.2789,0.16717,0.01154
2017-01-14,0.17854,0.21635,0.13535,0.0109
2017-01-15,0.14172,0.21917,0.11881,0.00854
2017-01-16,0.16363,0.27462,0.1799,0.00963
2017-01-17,0.16154,0.23599,0.16363,0.01054
2017-01-18,0.16681,0.21362,0.16281,0.01618
2017-01-19,0.13581,0.18408,0.18281,0.01381
2017-01-20,0.12735,0.1599,0.13945,0.01418
2017-01-21,0.12281,0.12799,0.13399,0.00727
2017-01-22,0.12617,0.17881,0.11145,0.00845
2017-01-23,0.15208,0.20499,0.15781,0.00872
2017-01-24,0.12526,0.16744,0.14599,0.01254
2017-01-25,0.11672,0.13681,0.13872,0.00872
2017-01-26,0.1099,0.12299,0.12908,0.01172
2017-01-27,0.10736,0.08236,0.11154,0.00654
2017-01-28,0.10181,0.07554,0.11981,0.00754
2017-01-29,0.1259,0.09436,0.11326,0.00463
2017-01-30,0.14026,0.11381,0.13572,0.00672
2017-01-31,0.78088,0.14845,0.17481,0.01054
2017-02-01,0.1699,0.13445,0.16008,0.01145
2017-02-02,0.16144,0.12045,0.14226,0.01299
2017-02-03,0.13354,0.10445,0.14108,0.01254
2017-02-04,0.11336,0.08981,0.11517,0.00645
2017-02-05,0.12172,0.09408,0.1079,0.00581
2017-02-06,0.13354,0.13335,0.16563,0.00909
2017-02-07,0.14735,0.1089,0.14799,0.01263
2017-02-08,0.13199,0.10799,0.15117,0.0079
2017-02-09,0.12863,0.10072,0.13745,0.00863
2017-02-10,0.12499,0.09663,0.13663,0.00899
2017-02-11,0.11845,0.07408,0.10763,0.01072
2017-02-12,0.10781,0.06654,0.09836,0.00799
2017-02-13,0.12554,0.10345,0.15644,0.00972
2017-02-14,0.11717,0.09072,0.14008,0.01054
2017-02-15,0.11708,0.08372,0.13881,0.00881
2017-02-16,0.11236,0.07781,0.13954,0.00754
2017-02-17,0.11208,0.07254,0.13754,0.00963
2017-02-18,0.10199,0.05545,0.11345,0.0079
2017-02-19,0.10154,0.05599,0.12626,0.00572
2017-02-20,0.12435,0.08454,0.18272,0.01145
2017-02-21,0.11908,0.07645,0.17599,0.01154
2017-02-22,0.1139,0.07345,0.16372,0.00972
2017-02-23,0.11145,0.06863,0.14881,0.00963
2017-02-24,0.10117,0.0619,0.14335,0.01309
2017-02-25,0.0919,0.05208,0.11745,0.00845
2017-02-26,0.10172,0.04681,0.10199,0.00772
2017-02-27,0.12108,0.08545,0.17126,0.01127
2017-02-28,0.11708,0.06027,0.14008,0.01209
2017-03-01,0.11981,0.05036,0.12108,0.00727
2017-03-02,0.11208,0.06572,0.14317,0.01299
2017-03-03,0.09363,0.05872,0.13054,0.01272
2017-03-04,0.09672,0.05827,0.12181,0.01018
2017-03-05,0.10917,0.05563,0.11417,0.00909
2017-03-06,0.11908,0.08154,0.16508,0.01081
2017-03-07,0.12299,0.07572,0.14781,0.01172
2017-03-08,0.13108,0.07699,0.14399,0.01254
2017-03-09,0.11517,0.06681,0.15299,0.01545
2017-03-10,0.10217,0.06063,0.14335,0.01272
2017-03-11,0.10781,0.05708,0.12254,0.00799
2017-03-12,0.11608,0.05827,0.11999,0.00781
2017-03-13,0.14017,0.0869,0.17308,0.01063
2017-03-14,0.1339,0.08181,0.16263,0.00809
2017-03-15,0.34253,0.08781,0.15526,0.02172
2017-03-16,0.15463,0.13145,0.16163,0.01009
2017-03-17,0.14935,0.12217,0.16026,0.01036
2017-03-18,0.12845,0.09517,0.13617,0.01045
2017-03-19,0.14208,0.08854,0.13045,0.00754
2017-03-20,0.17172,0.1449,0.19908,0.01399
2017-03-21,0.1659,0.13917,0.20463,0.01454
2017-03-22,0.16726,0.1329,0.19381,0.01399
2017-03-23,0.16626,0.17935,0.20981,0.00999
2017-03-24,0.15717,0.15254,0.20035,0.00945
2017-03-25,0.15017,0.11063,0.17254,0.01227
2017-03-26,0.16481,0.11917,0.1649,0.01009
2017-03-27,0.18426,0.17135,0.23417,0.01563
2017-03-28,0.17354,0.15635,0.21581,0.01154
2017-03-29,0.17317,0.14926,0.21044,0.01172
2017-03-30,0.1649,0.14254,0.21662,0.01218
2017-03-31,0.15017,0.1389,0.20499,0.01036
2017-04-01,0.13972,0.10899,0.18853,0.00718
2017-04-02,0.1399,0.11426,0.17008,0.00699
2017-04-03,0.18135,0.18472,0.23926,0.00699
2017-04-04,0.17726,0.17235,0.23535,0.00809
2017-04-05,0.18017,0.16154,0.24917,0.00863
2017-04-06,0.16863,0.20353,0.25262,0.00781
2017-04-07,0.13935,0.20535,0.22372,0.00718
2017-04-08,0.1239,0.13754,0.19517,0.0059
2017-04-09,0.13517,0.1279,0.19044,0.00727
2017-04-10,0.17335,0.1969,0.27017,0.01399
2017-04-11,0.15744,0.17063,0.24744,0.00927
2017-04-12,0.16872,0.14381,0.24226,0.0099
2017-04-13,0.15317,0.15799,0.24781,0.00809
2017-04-14,0.14272,0.14308,0.22781,0.00872
2017-04-15,0.11908,0.10908,0.2049,0.00663
2017-04-16,0.12117,0.10181,0.17663,0.0079
2017-04-17,0.14572,0.1529,0.2639,0.01018
2017-04-18,0.13272,0.12645,0.24072,0.01018
2017-04-19,0.14099,0.12972,0.23835,0.00836
2017-04-20,0.15099,0.11899,0.22926,0.0069
2017-04-21,0.13572,0.10126,0.21417,0.00681
2017-04-22,0.13708,0.08063,0.18317,0.00645
2017-04-23,0.13226,0.08245,0.15954,0.00627
2017-04-24,0.16454,0.12245,0.25081,0.00736
2017-04-25,0.21217,0.10654,0.21335,0.00927
2017-04-26,0.13508,0.09863,0.21472,0.00736
2017-04-27,0.14608,0.08708,0.21899,0.00681
2017-04-28,0.12481,0.07454,0.19408,0.00627
2017-04-29,0.1099,0.06854,0.15844,0.00472
2017-04-30,0.11199,0.06545,0.15417,0.00399
2017-05-01,0.12517,0.07808,0.20235,0.00509
2017-05-02,0.12335,0.07881,0.19844,0.00681
2017-05-03,0.11217,0.05463,0.1569,0.07027
2017-05-04,0.12235,0.06572,0.20581,0.00799
2017-05-05,0.10217,0.04663,0.53534,0.00499
2017-05-06,0.12145,0.05208,0.29608,0.00472
2017-05-07,0.11754,0.05154,0.14845,0.00581
2017-05-08,0.12045,0.06481,0.22762,0.00636
2017-05-09,0.0979,0.05108,0.16454,0.00754
2017-05-10,0.1039,0.05718,0.19744,0.00718
2017-05-11,0.10972,0.05599,0.19426,0.00763
2017-05-12,0.10972,0.04445,0.17617,0.00636
2017-05-13,0.39735,0.04199,0.14408,0.00436
2017-05-14,0.11899,0.04018,0.13135,0.00527
2017-05-15,0.14672,0.06245,0.19381,0.00927
2017-05-16,0.15172,0.05599,0.18563,0.00818
2017-05-17,0.15226,0.0539,0.17654,0.01009
2017-05-18,0.13017,0.05036,0.17299,0.01054
2017-05-19,0.12608,0.05118,0.16535,0.00699
2017-05-20,0.10017,0.03463,0.12708,0.00681
2017-05-21,0.11599,0.03872,0.12245,0.00799
2017-05-22,0.1369,0.05499,0.1959,0.0089
2017-05-23,0.12399,0.04399,0.16699,0.0069
2017-05-24,0.11181,0.04299,0.17554,0.01018
2017-05-25,0.10926,0.04727,0.17126,0.00963
2017-05-26,0.10236,0.03727,0.15235,0.0089
2017-05-27,0.11108,0.03527,0.12563,0.01254
2017-05-28,0.12381,0.03936,0.13072,0.0139
2017-05-29,0.12963,0.05918,0.19926,0.00918
2017-05-30,0.11081,0.0509,0.17681,0.00945
2017-05-31,0.11154,0.04572,0.22372,0.00945
2017-06-01,0.10526,0.04272,0.30453,0.00809
2017-06-02,0.09417,0.04008,0.18172,0.0079
2017-06-03,0.0959,0.02827,0.12617,0.00663
2017-06-04,0.09899,0.03518,0.18181,0.00672
2017-06-05,0.1139,0.04418,0.20863,0.00709
2017-06-06,0.11463,0.03736,0.14108,0.0059
2017-06-07,0.12581,0.04645,0.17326,0.00863
2017-06-08,0.10545,0.03899,0.25262,0.00845
2017-06-09,0.09772,0.03708,0.17299,0.00799
2017-06-10,0.0829,0.02963,0.11745,0.00736
2017-06-11,0.09599,0.03299,0.11699,0.00627
2017-06-12,0.18435,0.0419,0.17563,0.00836
2017-06-13,0.09899,0.0359,0.15199,0.00727
2017-06-14,0.09808,0.03363,0.13754,0.00836
2017-06-15,0.09672,0.03081,0.13945,0.00818
2017-06-16,0.09317,0.02599,0.14408,0.00718
2017-06-17,0.08272,0.02381,0.13999,0.00672
2017-06-18,0.08645,0.02872,0.1109,0.00636
2017-06-19,0.10408,0.03436,0.15072,0.00754
2017-06-20,0.08954,0.0299,0.14499,0.00936
2017-06-21,0.08963,0.03408,0.13581,0.00663
2017-06-22,0.0829,0.02545,0.12372,0.00463
2017-06-23,0.07436,0.01936,0.11799,0.00618
2017-06-24,0.07817,0.01772,0.09754,0.0039
2017-06-25,0.0749,0.01818,0.09136,0.00327
2017-06-26,0.08245,0.02381,0.11836,0.00427
2017-06-27,0.07617,0.02172,0.11599,0.00436
2017-06-28,0.08381,0.02281,0.11454,0.00645
2017-06-29,0.07317,0.01936,0.11608,0.00627
2017-06-30,0.06372,0.02099,0.10817,0.00463
2017-07-01,0.06845,0.01318,0.08527,0.0029
2017-07-02,0.07463,0.01818,0.07508,0.00336
2017-07-03,0.08745,0.02163,0.11681,0.00399
2017-07-04,0.08417,0.02145,0.11008,0.00399
2017-07-05,0.0739,0.02763,0.1059,0.00427
2017-07-06,0.07108,0.02172,0.10581,0.00618
2017-07-07,0.07036,0.01581,0.10708,0.00399
2017-07-08,0.06963,0.01481,0.09336,0.00418
2017-07-09,0.06881,0.01818,0.07627,0.00518
2017-07-10,0.07799,0.02454,0.11408,0.00527
2017-07-11,0.07808,0.02172,0.11181,0.00445
2017-07-12,0.09072,0.01936,0.1099,0.00736
2017-07-13,0.08381,0.02063,0.10954,0.00418
2017-07-14,0.07872,0.01863,0.10499,0.00327
2017-07-15,0.06845,0.01763,0.08436,0.00518
2017-07-16,0.06908,0.01872,0.07108,0.00445
2017-07-17,0.10045,0.02236,0.1159,0.00545
2017-07-18,0.09445,0.02354,0.10945,0.00636
2017-07-19,0.09145,0.03127,0.10881,0.00509
2017-07-20,0.09008,0.03199,0.10208,0.00618
2017-07-21,0.08327,0.02618,0.10045,0.00336
2017-07-22,0.06999,0.01845,0.0769,0.00172
2017-07-23,0.07881,0.0169,0.07336,0.00327
2017-07-24,0.08272,0.02399,0.11981,0.00445
2017-07-25,0.08227,0.02245,0.10426,0.00563
2017-07-26,0.10481,0.02327,0.10381,0.00536
2017-07-27,0.07663,0.01963,0.10508,0.00399
2017-07-28,0.07863,0.01854,0.1029,0.00372
2017-07-29,0.06708,0.01236,0.07754,0.00327
2017-07-30,0.06727,0.01518,0.06881,0.00463
2017-07-31,0.0859,0.02045,0.10936,0.0039
2017-08-01,0.07508,0.02036,0.1039,0.00409
2017-08-02,0.0789,0.01999,0.10608,0.00345
2017-08-03,0.07672,0.01718,0.09826,0.00463
2017-08-04,0.07963,0.01763,0.10126,0.00327
2017-08-05,0.08681,0.01281,0.07972,0.0029
2017-08-06,0.07281,0.01854,0.0729,0.00281
2017-08-07,0.83015,0.02845,0.11645,0.00345
2017-08-08,0.09626,0.0249,0.10981,0.00427
2017-08-09,0.08917,0.02409,0.11054,0.0039
2017-08-10,0.0819,0.02154,0.10899,0.00509
2017-08-11,0.08681,0.01818,0.11108,0.00381
2017-08-12,0.06699,0.01445,0.08763,0.00245
2017-08-13,0.07481,0.01472,0.0759,0.00299
2017-08-14,0.09781,0.02054,0.1049,0.00545
2017-08-15,0.09008,0.0209,0.08127,0.00527
2017-08-16,0.09454,0.02899,0.11736,0.0059
2017-08-17,0.09008,0.02727,0.10717,0.00399
2017-08-18,0.07727,0.02099,0.10726,0.00518
2017-08-19,0.07672,0.0189,0.08445,0.00527
2017-08-20,0.08872,0.02172,0.07517,0.0029
2017-08-21,0.14817,0.05999,0.11572,0.00572
2017-08-22,0.09436,0.04072,0.11426,0.0069
2017-08-23,0.09808,0.03672,0.1039,0.00563
2017-08-24,0.0819,0.03418,0.1139,0.0079
2017-08-25,0.0899,0.03199,0.10772,0.00809
2017-08-26,0.08863,0.02245,0.08517,0.00518
2017-08-27,0.10754,0.03036,0.08336,0.00472
2017-08-28,0.11872,0.04399,0.12363,0.00972
2017-08-29,0.12499,0.0499,0.1199,0.00863
2017-08-30,0.13135,0.0559,0.11045,0.00927
2017-08-31,0.12381,0.05608,0.11545,0.01018
2017-09-01,0.10636,0.05727,0.11399,0.01172
2017-09-02,0.09672,0.03672,0.1009,0.00536
2017-09-03,0.10054,0.03654,0.09117,0.00399
2017-09-04,0.11508,0.08527,0.13017,0.00599
2017-09-05,0.10872,0.07381,0.12735,0.00609
2017-09-06,0.10672,0.07017,0.12545,0.00454
2017-09-07,0.1159,0.07063,0.12926,0.00563
2017-09-08,0.11717,0.06945,0.11645,0.00618
2017-09-09,0.10036,0.04263,0.09681,0.00372
2017-09-10,0.10845,0.05945,0.09808,0.0049
2017-09-11,0.13108,0.08599,0.13981,0.00709
2017-09-12,0.12908,0.07936,0.14754,0.00609
2017-09-13,0.13881,0.08554,0.14326,0.00599
2017-09-14,0.13717,0.0879,0.14163,0.00609
2017-09-15,0.13135,0.07572,0.13372,0.00599
2017-09-16,0.1129,0.06054,0.09999,0.00354
2017-09-17,0.11945,0.05708,0.10154,0.0049
2017-09-18,0.14572,0.10399,0.17144,0.00599
2017-09-19,0.13926,0.09154,0.16181,0.00581
2017-09-20,0.12672,0.09027,0.17463,0.00736
2017-09-21,0.1339,0.09263,0.17899,0.00545
2017-09-22,0.12663,0.08645,0.17017,0.00381
2017-09-23,0.10163,0.06208,0.11672,0.0119
2017-09-24,0.1139,0.05545,0.13254,0.00445
2017-09-25,0.14308,0.10263,0.1849,0.00509
2017-09-26,0.12863,0.1319,0.17872,0.00654
2017-09-27,0.40116,0.10926,0.17281,0.00645
2017-09-28,0.12063,0.0979,0.14508,0.00381
2017-09-29,0.11945,0.08999,0.1309,0.00654
2017-09-30,0.10736,0.07554,0.10745,0.00409
2017-10-01,0.10836,0.05181,0.08636,0.00409
2017-10-02,0.11136,0.06681,0.11817,0.00472
2017-10-03,0.08881,0.04063,0.09145,0.00154
2017-10-04,0.10481,0.0479,0.08981,0.00154
2017-10-05,0.1119,0.04881,0.09345,0.00199
2017-10-06,0.13045,0.06299,0.1129,0.0029
2017-10-07,0.10508,0.06517,0.10626,0.0039
2017-10-08,0.11263,0.0669,0.09699,0.00281
2017-10-09,0.13481,0.0909,0.12535,0.00545
2017-10-10,0.12863,0.12463,0.16817,0.00654
2017-10-11,0.1319,0.14381,0.1579,0.00745
2017-10-12,0.14699,0.16654,0.14454,0.00618
2017-10-13,0.1279,0.15299,0.13845,0.00463
2017-10-14,0.11463,0.13135,0.11454,0.00672
2017-10-15,0.11917,0.10299,0.10308,0.0039
2017-10-16,0.14754,0.17608,0.15335,0.00636
2017-10-17,0.14199,0.17208,0.14463,0.00609
2017-10-18,0.13463,0.15963,0.14663,0.00563
2017-10-19,0.12963,0.15972,0.14863,0.0089
2017-10-20,0.12763,0.13908,0.16035,0.00654
2017-10-21,0.46116,0.11172,0.15435,0.00527
2017-10-22,0.12245,0.09545,0.12663,0.00599
2017-10-23,0.14299,0.15499,0.17944,0.00745
2017-10-24,0.1529,0.1499,0.15899,0.00999
2017-10-25,0.13099,0.13808,0.16544,0.00636
2017-10-26,0.1319,0.13817,0.16872,0.00672
2017-10-27,0.11245,0.13599,0.15708,0.00681
2017-10-28,0.09645,0.11199,0.13181,0.0069
2017-10-29,0.1239,0.11326,0.12917,0.00663
2017-10-30,0.16017,0.1769,0.17899,0.00918
2017-10-31,0.14935,0.15045,0.17608,0.00936
2017-11-01,0.14354,0.13954,0.17808,0.00718
2017-11-02,0.13599,0.14972,0.19435,0.00854
2017-11-03,0.14199,0.12463,0.17699,0.00718
2017-11-04,0.13017,0.11554,0.14045,0.00654
2017-11-05,0.1339,0.09699,0.13808,0.01009
2017-11-06,0.17144,0.14945,0.19726,0.00954
2017-11-07,0.14945,0.14035,0.17672,0.00972
2017-11-08,0.14299,0.1309,0.17908,0.00745
2017-11-09,0.18781,0.12226,0.16199,0.0069
2017-11-10,0.1389,0.10845,0.15926,0.00645
2017-11-11,0.12381,0.08854,0.13008,0.00545
2017-11-12,0.13472,0.08827,0.12108,0.00954
2017-11-13,0.16126,0.13226,0.19253,0.00736
2017-11-14,0.15081,0.12954,0.18299,0.00918
2017-11-15,0.1469,0.1279,0.17899,0.00872
2017-11-16,0.15244,0.12717,0.16554,0.01027
2017-11-17,0.14472,0.11999,0.15881,0.00663
2017-11-18,0.12635,0.09526,0.13117,0.0069
2017-11-19,0.1389,0.1029,0.11626,0.00645
2017-11-20,0.19472,0.16572,0.21672,0.00845
2017-11-21,0.16117,0.15517,0.1979,0.01045
2017-11-22,0.14872,0.13999,0.17935,0.01163
2017-11-23,0.13799,0.12672,0.16244,0.01127
2017-11-24,0.13435,0.11681,0.15972,0.00872
2017-11-25,0.11463,0.09908,0.13181,0.00863
2017-11-26,0.11354,0.09945,0.12308,0.00845
2017-11-27,0.14372,0.17026,0.19008,0.00972
2017-11-28,0.14726,0.15381,0.17881,0.01163
2017-11-29,0.13045,0.1569,0.17754,0.01427
2017-11-30,0.14617,0.15663,0.17563,0.01272
2017-12-01,0.14599,0.33189,0.15172,0.01209
2017-12-02,0.12654,0.27399,0.12554,0.0109
2017-12-03,0.33353,0.20163,0.11617,0.00681
2017-12-04,0.17126,0.32889,0.19517,0.00872
2017-12-05,0.1709,0.36407,0.15954,0.01236
2017-12-06,0.16426,0.33344,0.16472,0.01327
2017-12-07,0.1729,0.37671,0.20599,0.01418
2017-12-08,0.15663,0.37817,0.16899,0.01227
2017-12-09,0.12817,0.33553,0.12835,0.01236
2017-12-10,1.43132,0.29044,0.12699,0.00981
2017-12-11,0.20708,0.48853,0.19572,0.01272
2017-12-12,0.18326,0.47053,0.16272,0.01399
2017-12-13,0.1789,0.46116,0.16999,0.01563
2017-12-14,0.17944,0.47389,0.16372,0.0169
2017-12-15,0.16663,0.52189,0.16435,0.01436
2017-12-16,0.39935,0.4398,0.12535,0.0109
2017-12-17,0.44907,0.4538,0.13563,0.00963
2017-12-18,0.20108,0.81497,0.19308,0.01309
2017-12-19,0.19881,0.83906,0.18399,0.01518
2017-12-20,0.18808,0.87133,0.19035,0.01536
2017-12-21,0.21553,0.9266,0.18744,0.01763
2017-12-22,0.17826,0.89288,0.1779,0.01309
2017-12-23,0.16599,0.8547,0.15372,0.00981
2017-12-24,0.17235,0.79852,0.13863,0.00809
2017-12-25,0.18672,0.85806,0.13963,0.00863
2017-12-26,0.2599,1.61476,0.23435,0.01145
2017-12-27,0.27226,1.38514,0.20253,0.01818
2017-12-28,0.32562,1.32059,0.20272,0.01172
2017-12-29,0.21917,1.13678,0.18835,0.01727
2017-12-30,2.72528,1.08851,0.17117,0.01345
2017-12-31,0.24808,1.04205,0.14072,0.01063
2018-01-01,0.23781,0.98397,0.14826,0.00563
2018-01-02,0.29753,1.61431,0.24126,0.01181
2018-01-03,0.27862,1.51522,0.22281,0.01536
2018-01-04,0.27699,1.57331,0.21526,0.01681
2018-01-05,0.28399,1.95157,0.20935,0.01309
2018-01-06,0.23062,1.53404,0.16935,0.00718
2018-01-07,0.22999,1.31177,0.14972,0.00709
2018-01-08,0.30426,2.07148,0.23253,0.01118
2018-01-09,0.26117,1.6304,0.20908,0.01381
2018-01-10,0.23644,1.3105,0.18899,0.0169
2018-01-11,0.22472,1.21214,0.18226,0.01418
2018-01-12,0.20235,1.08924,0.1719,0.01109
2018-01-13,0.1769,1.05587,0.1429,0.01609
2018-01-14,0.16417,0.80197,0.12781,0.01109
2018-01-15,0.21381,1.17423,0.20608,0.01409
2018-01-16,0.19026,0.97151,0.19572,0.01599
2018-01-17,0.18154,0.83961,0.18299,0.01299
2018-01-18,0.17363,0.75179,0.17617,0.01199
2018-01-19,0.16554,0.63761,0.1699,0.01045
2018-01-20,0.15644,0.57898,0.13708,0.00999
2018-01-21,0.13172,0.49289,0.12054,0.00581
2018-01-22,0.16826,0.7247,0.19744,0.01154
2018-01-23,0.16844,0.59743,0.17599,0.01654
2018-01-24,0.2019,0.51125,0.16681,0.01372
2018-01-25,0.16135,0.46189,0.15472,0.01199
2018-01-26,0.13935,0.40716,0.14599,0.01199
2018-01-27,0.12163,0.37962,0.1159,0.01009
2018-01-28,0.11508,0.34789,0.10581,0.00763
2018-01-29,0.15308,0.48953,0.15444,0.01254
2018-01-30,0.15763,0.38989,0.14908,0.01018
2018-01-31,0.12917,0.34108,0.14035,0.01381
2018-02-01,0.12472,0.31826,0.13345,0.01281
2018-02-02,0.13035,0.28935,0.14345,0.01154
2018-02-03,0.13935,0.23672,0.10972,0.0089
2018-02-04,0.14926,0.2239,0.10063,0.0069
2018-02-05,0.18317,0.35608,0.14399,0.0129
2018-02-06,0.14645,0.30544,0.13917,0.01727
2018-02-07,0.13717,0.27053,0.12708,0.01154
2018-02-08,0.13672,0.26281,0.12054,0.01318
2018-02-09,0.11517,0.22781,0.12154,0.01199
2018-02-10,0.21026,0.19181,0.10081,0.00899
2018-02-11,0.11017,0.16754,0.09126,0.00672
2018-02-12,0.12435,0.25235,0.12908,0.01263
2018-02-13,0.11817,0.20726,0.11917,0.01799
2018-02-14,0.10699,0.20063,0.12426,0.01936
2018-02-15,0.09617,0.1269,0.07881,0.00963
2018-02-16,0.10208,0.12745,0.08427,0.00727
2018-02-17,0.11026,0.1329,0.08817,0.00627
2018-02-18,0.12254,0.13454,0.08508,0.00609
2018-02-19,0.13172,0.21008,0.14826,0.01054
2018-02-20,0.12135,0.17054,0.13199,0.01799
2018-02-21,0.10954,0.15526,0.13254,0.01472
2018-02-22,0.11845,0.15899,0.12099,0.01381
2018-02-23,0.1169,0.13381,0.12263,0.0139
2018-02-24,0.09872,0.10717,0.09799,0.01281
2018-02-25,0.09617,0.09508,0.08836,0.00954
2018-02-26,0.13317,0.14317,0.13054,0.01518
2018-02-27,0.12581,0.12445,0.13472,0.01645
2018-02-28,0.12426,0.11163,0.13363,0.01572
2018-03-01,0.10181,0.08154,0.09572,0.01163
2018-03-02,0.10181,0.1079,0.11726,0.01045
2018-03-03,0.10481,0.0799,0.09472,0.00827
2018-03-04,0.0939,0.07608,0.09163,0.00827
2018-03-05,0.10854,0.10545,0.12108,0.00981
2018-03-06,0.0999,0.09381,0.12835,0.01181
2018-03-07,0.10663,0.08927,0.12445,0.0159
2018-03-08,0.10208,0.08781,0.12308,0.01345
2018-03-09,0.10254,0.07936,0.11117,0.01518
2018-03-10,0.10881,0.07045,0.1009,0.01099
2018-03-11,0.11099,0.07617,0.0939,0.00981
2018-03-12,0.11817,0.10999,0.1349,0.00963
2018-03-13,0.10836,0.09326,0.12463,0.01018
2018-03-14,0.09854,0.08627,0.13445,0.01018
2018-03-15,0.11381,0.08936,0.13945,0.01009
2018-03-16,0.1059,0.07145,0.11708,0.00863
2018-03-17,0.12326,0.06845,0.10581,0.00981
2018-03-18,0.14335,0.07345,0.10154,0.00699
2018-03-19,0.13981,0.09617,0.14726,0.00836
2018-03-20,0.12563,0.09545,0.13872,0.01009
2018-03-21,0.12845,0.09481,0.14054,0.00981
2018-03-22,0.12036,0.08508,0.13854,0.00909
2018-03-23,0.11399,0.08008,0.1349,0.00863
2018-03-24,0.10308,0.06527,0.12036,0.00681
2018-03-25,0.11308,0.07027,0.11699,0.00663
2018-03-26,0.13608,0.09417,0.18417,0.01109
2018-03-27,0.13254,0.09781,0.17681,0.00972
2018-03-28,0.12317,0.08281,0.16726,0.00609
2018-03-29,0.1229,0.07908,0.16654,0.00663
2018-03-30,0.12526,0.06599,0.16472,0.00963
2018-03-31,0.12199,0.0539,0.14299,0.00854
2018-04-01,0.14054,0.05981,0.15726,0.00863
2018-04-02,0.15517,0.08181,0.20917,0.00954
2018-04-03,0.17799,0.08299,0.19044,0.00899
2018-04-04,0.16617,0.07545,0.19463,0.00945
2018-04-05,0.16163,0.06736,0.19653,0.00945
2018-04-06,0.17599,0.06736,0.16899,0.00745
2018-04-07,0.15435,0.06108,0.14981,0.00654
2018-04-08,0.15808,0.06617,0.1469,0.00772
2018-04-09,0.19826,0.09508,0.2219,0.00981
2018-04-10,0.1659,0.08163,0.20417,0.00836
2018-04-11,0.14754,0.07254,0.19753,0.00936
2018-04-12,0.14599,0.06945,0.20099,0.00727
2018-04-13,0.19144,0.06845,0.2059,0.00727
2018-04-14,0.34617,0.05936,0.17899,0.00645
2018-04-15,0.51116,0.06417,0.17008,0.00481
2018-04-16,0.46198,0.09163,0.24953,0.01072
2018-04-17,0.2999,0.09199,0.22026,0.0089
2018-04-18,0.26362,0.07436,0.21372,0.00945
2018-04-19,0.25744,0.07781,0.20044,0.00881
2018-04-20,0.22808,0.06754,0.19581,0.00799
2018-04-21,0.26617,0.05481,0.17672,0.00736
2018-04-22,0.25481,0.05408,0.16263,0.00463
2018-04-23,0.24326,0.08072,0.23981,0.00663
2018-04-24,0.20672,0.07981,0.2049,0.01036
2018-04-25,0.18063,0.06799,0.2189,0.00827
2018-04-26,0.16981,0.07572,0.20917,0.00818
2018-04-27,0.1599,0.06636,0.18808,0.00536
2018-04-28,0.14708,0.05354,0.16835,0.00281
2018-04-29,0.14235,0.05054,0.16144,0.00454
2018-04-30,0.17899,0.08608,0.23353,0.00636
2018-05-01,0.15881,0.06727,0.20426,0.00463
2018-05-02,0.13926,0.07208,0.23526,0.00754
2018-05-03,0.14317,0.0719,0.21999,0.00936
2018-05-04,0.13181,0.06336,0.19826,0.00727
2018-05-05,0.11263,0.04418,0.14981,0.00554
2018-05-06,0.12499,0.04754,0.14726,0.00445
2018-05-07,0.12699,0.05827,0.20063,0.00527
2018-05-08,0.17172,0.07527,0.39471,0.0079
2018-05-09,0.17781,0.07027,0.28053,0.01018
2018-05-10,0.17654,0.06354,0.22217,0.00799
2018-05-11,0.16772,0.05899,0.21526,0.00518
2018-05-12,0.16708,0.04781,0.17054,0.00418
2018-05-13,0.15344,0.04472,0.16008,0.0039
2018-05-14,0.14954,0.07536,0.2419,0.00681
2018-05-15,0.13863,0.06308,0.22517,0.00745
2018-05-16,0.15217,0.05881,0.21281,0.0079
2018-05-17,0.13781,0.05172,0.20153,0.00609
2018-05-18,0.14263,0.04808,0.2249,0.00554
2018-05-19,0.13863,0.03681,0.17044,0.00599
2018-05-20,0.14699,0.04263,0.16354,0.00645
2018-05-21,0.15572,0.06117,0.2259,0.00799
2018-05-22,0.15735,0.05018,0.18253,0.00818
2018-05-23,0.93497,0.07108,0.23744,0.00699
2018-05-24,0.19208,0.06081,0.21735,0.0069
2018-05-25,0.16244,0.05018,0.19926,0.00763
2018-05-26,0.14345,0.03745,0.17454,0.00809
2018-05-27,0.15344,0.04345,0.16299,0.00563
2018-05-28,0.1559,0.06127,0.23253,0.01054
2018-05-29,0.13363,0.05454,0.22535,0.00918
2018-05-30,0.12572,0.05054,0.21708,0.00799
2018-05-31,0.12317,0.04845,0.20208,0.00863
2018-06-01,0.11908,0.04454,0.19035,0.00554
2018-06-02,0.10508,0.03418,0.15426,0.00718
2018-06-03,0.11926,0.03336,0.1409,0.00499
2018-06-04,0.14908,0.0519,0.2209,0.00727
2018-06-05,0.15145,0.04208,0.18899,0.0059
2018-06-06,0.14554,0.03472,0.16526,0.00509
2018-06-07,0.14281,0.03972,0.19008,0.00563
2018-06-08,0.13581,0.03527,0.18481,0.00463
2018-06-09,0.10445,0.02545,0.14917,0.00599
2018-06-10,0.09881,0.02809,0.13945,0.00645
2018-06-11,0.12272,0.04281,0.18581,0.00781
2018-06-12,0.10554,0.03763,0.16835,0.00599
2018-06-13,0.10163,0.03099,0.15117,0.00481
2018-06-14,0.11026,0.03899,0.16617,0.00727
2018-06-15,0.10472,0.04072,0.16699,0.00463
2018-06-16,0.09436,0.03381,0.12826,0.00536
2018-06-17,0.10208,0.03227,0.12435,0.00654
2018-06-18,0.10272,0.04336,0.16617,0.01018
2018-06-19,0.11226,0.03908,0.16426,0.00554
2018-06-20,0.10454,0.0349,0.15817,0.00745
2018-06-21,0.09626,0.03145,0.14835,0.00463
2018-06-22,0.10172,0.03063,0.13081,0.00463
2018-06-23,0.09781,0.02518,0.11336,0.00436
2018-06-24,0.08927,0.02599,0.09663,0.00509
2018-06-25,0.10717,0.0409,0.1539,0.00281
2018-06-26,0.10681,0.03199,0.13863,0.00436
2018-06-27,0.10254,0.03199,0.13199,0.00318
2018-06-28,0.09545,0.02736,0.11563,0.00299
2018-06-29,0.08808,0.02281,0.12081,0.00454
2018-06-30,0.0859,0.02072,0.10199,0.00399
2018-07-01,0.08717,0.02245,0.0849,0.0049
2018-07-02,0.09954,0.02963,0.13117,0.00472
2018-07-03,0.09163,0.02645,0.11999,0.00372
2018-07-04,0.09299,0.02327,0.12026,0.00472
2018-07-05,0.09036,0.02372,0.12863,0.00363
2018-07-06,0.08817,0.02454,0.11236,0.00399
2018-07-07,0.09272,0.01799,0.09199,0.00354
2018-07-08,0.09536,0.02054,0.0829,0.00499
2018-07-09,0.12226,0.0319,0.12726,0.00454
2018-07-10,0.11108,0.03127,0.12381,0.00418
2018-07-11,0.10572,0.02718,0.12654,0.00727
2018-07-12,0.1059,0.02536,0.11763,0.00581
2018-07-13,0.10908,0.02199,0.10717,0.00536
2018-07-14,0.0849,0.0179,0.08472,0.00309
2018-07-15,0.09526,0.0199,0.08254,0.00509
2018-07-16,0.10754,0.02981,0.12881,0.00409
2018-07-17,0.10999,0.02854,0.10626,0.00481
2018-07-18,0.1059,0.0249,0.11417,0.00599
2018-07-19,0.09517,0.02618,0.11581,0.00418
2018-07-20,0.0719,0.02327,0.11217,0.0029
2018-07-21,0.05836,0.0229,0.08036,0.00227
2018-07-22,0.07217,0.02036,0.08272,0.00381
2018-07-23,0.0779,0.02436,0.12881,0.00418
2018-07-24,0.11881,0.02099,0.11763,0.00463
2018-07-25,0.09126,0.02063,0.11154,0.00454
2018-07-26,0.07272,0.01681,0.11181,0.0059
2018-07-27,0.06617,0.0179,0.10481,0.00645
2018-07-28,0.05163,0.01227,0.08236,0.00372
2018-07-29,0.06072,0.01572,0.07945,0.00218
2018-07-30,0.07836,0.02009,0.12535,0.00645
2018-07-31,0.15081,0.0319,0.17672,0.03127
2018-08-01,0.10099,0.02454,0.10954,0.00454
2018-08-02,0.08336,0.01799,0.11299,0.00518
2018-08-03,0.08363,0.01954,0.1169,0.00836
2018-08-04,0.06536,0.01281,0.0839,0.00354
2018-08-05,0.05927,0.01381,0.07881,0.00309
2018-08-06,0.07108,0.01963,0.12008,0.00363
2018-08-07,0.28299,0.01899,0.11326,0.00527
2018-08-08,0.07772,0.01963,0.1169,0.00409
2018-08-09,0.0689,0.02127,0.1129,0.00518
2018-08-10,0.06508,0.02027,0.10936,0.0039
2018-08-11,0.06072,0.01481,0.08381,0.00254
2018-08-12,0.06508,0.0149,0.09117,0.00336
2018-08-13,0.0659,0.0209,0.13108,0.00563
2018-08-14,0.07181,0.01945,0.11236,0.00627
2018-08-15,0.06772,0.02054,0.08717,0.00427
2018-08-16,0.0659,0.02118,0.12254,0.00681
2018-08-17,0.06899,0.02254,0.10526,0.00572
2018-08-18,0.06799,0.0179,0.09108,0.00699
2018-08-19,0.06754,0.01781,0.08299,0.00436
2018-08-20,0.08036,0.02672,0.1299,0.0059
2018-08-21,0.06772,0.02554,0.11017,0.00663
2018-08-22,0.06917,0.02663,0.11445,0.00581
2018-08-23,0.06536,0.02272,0.10926,0.00363
2018-08-24,0.07008,0.02209,0.10408,0.00381
2018-08-25,0.0649,0.01572,0.08054,0.0039
2018-08-26,0.06781,0.03263,0.07981,0.00554
2018-08-27,0.08417,0.04845,0.12199,0.00745
2018-08-28,0.07927,0.03827,0.11981,0.00818
2018-08-29,0.0779,0.03572,0.12326,0.00763
2018-08-30,0.54298,0.03618,0.11954,0.01009
2018-08-31,0.09963,0.03681,0.11672,0.00809
2018-09-01,0.07381,0.02381,0.09617,0.00481
2018-09-02,0.07727,0.02627,0.0869,0.00454
2018-09-03,0.09817,0.05436,0.13035,0.0059
2018-09-04,0.08845,0.06736,0.13063,0.00609
2018-09-05,0.0999,0.07717,0.13063,0.00609
2018-09-06,0.10636,0.08863,0.13163,0.00545
2018-09-07,0.10563,0.07636,0.12663,0.00754
2018-09-08,0.11672,0.07181,0.13281,0.03927
2018-09-09,0.14126,0.08908,0.12435,0.05627
2018-09-10,0.18881,0.14863,0.18772,0.0829
2018-09-11,0.16854,0.14417,0.15581,0.04436
2018-09-12,0.14972,0.12045,0.14326,0.02763
2018-09-13,0.13954,0.10945,0.15108,0.01999
2018-09-14,0.13226,0.10208,0.14026,0.02245
2018-09-15,0.12063,0.06963,0.12045,0.01272
2018-09-16,0.10899,0.06808,0.11017,0.01381
2018-09-17,0.13417,0.10554,0.16499,0.01545
2018-09-18,0.12908,0.11245,0.15554,0.01436
2018-09-19,0.13045,0.11017,0.16026,0.01318
2018-09-20,0.13372,0.09972,0.15363,0.01109
2018-09-21,0.12008,0.09481,0.14526,0.01036
2018-09-22,0.09772,0.06627,0.11517,0.00672
2018-09-23,0.10154,0.04863,0.09081,0.00363
2018-09-24,0.10236,0.05627,0.10008,0.00472
2018-09-25,0.13799,0.06445,0.10554,0.00499
2018-09-26,0.14663,0.0929,0.13008,0.00772
2018-09-27,0.16454,0.14472,0.17817,0.00936
2018-09-28,0.16026,0.1459,0.16263,0.00981
2018-09-29,0.11854,0.10326,0.12145,0.00681
2018-09-30,0.12435,0.10499,0.11654,0.00799
2018-10-01,0.17126,0.26381,0.17244,0.00845
2018-10-02,0.16108,0.29526,0.15508,0.00599
2018-10-03,0.13126,0.16344,0.13154,0.00736
2018-10-04,0.15172,0.2499,0.20172,0.00963
2018-10-05,0.1339,0.19017,0.16263,0.0089
2018-10-06,0.1089,0.92515,0.13181,0.00681
2018-10-07,0.12036,0.15754,0.11372,0.00436
2018-10-08,2.68582,0.25617,0.1709,0.00772
2018-10-09,0.14872,0.14208,0.12863,0.00845
2018-10-10,0.16526,0.23026,0.18281,0.00936
2018-10-11,0.16499,0.23635,0.15763,0.00699
2018-10-12,0.15663,0.24072,0.16108,0.00718
2018-10-13,0.43298,0.1929,0.13735,0.0069
2018-10-14,0.38944,0.13845,0.12508,0.00781
2018-10-15,0.15826,0.23853,0.17999,0.00799
2018-10-16,0.15499,0.21281,0.16954,0.01163
2018-10-17,0.14754,0.20817,0.17017,0.00963
2018-10-18,0.14363,0.20253,0.16754,0.00799
2018-10-19,0.13035,0.19572,0.18844,0.00899
2018-10-20,0.11408,0.15226,0.13226,0.00799
2018-10-21,0.12817,0.13672,0.12654,0.0079
2018-10-22,0.15035,0.22444,0.19917,0.01154
2018-10-23,0.14472,0.19444,0.18581,0.01663
2018-10-24,0.13635,0.19435,0.18372,0.00981
2018-10-25,0.13626,0.18208,0.18353,0.02727
2018-10-26,0.13126,0.18417,0.18208,0.01672
2018-10-27,0.11763,0.14608,0.13472,0.01309
2018-10-28,0.13363,0.15426,0.13226,0.01681
2018-10-29,0.15517,0.23417,0.20399,0.01545
2018-10-30,0.16144,0.22326,0.18653,0.01554
2018-10-31,0.13908,0.19226,0.18372,0.01627
2018-11-01,0.13754,0.20681,0.17463,0.01572
2018-11-02,0.13099,0.18817,0.16454,0.01599
2018-11-03,0.11999,0.16626,0.15326,0.01309
2018-11-04,0.12435,0.1579,0.15581,0.0089
2018-11-05,0.15826,0.27371,0.23108,0.01127
2018-11-06,0.14608,0.25617,0.23899,0.01872
2018-11-07,0.12681,0.25253,0.22772,0.01436
2018-11-08,0.13481,0.2799,0.21462,0.01499
2018-11-09,0.12317,0.2259,0.20281,0.01363
2018-11-10,0.11463,0.17726,0.17335,0.01318
2018-11-11,0.12508,0.16554,0.15926,0.00909
2018-11-12,0.16599,0.29662,0.25671,0.01436
2018-11-13,0.14317,0.2579,0.26335,0.01899
2018-11-14,0.13681,0.23853,0.24044,0.01963
2018-11-15,0.13681,0.23626,0.22881,0.0209
2018-11-16,1.51604,0.41444,0.22535,0.02081
2018-11-17,0.13554,0.18926,0.16799,0.01636
2018-11-18,0.14208,0.2299,0.15335,3.16772
2018-11-19,0.19399,0.38698,0.26671,0.05099
2018-11-20,0.1849,0.34935,0.25008,0.02799
2018-11-21,0.17263,0.31899,0.23344,0.02509
2018-11-22,0.1709,0.35762,0.22199,0.02599
2018-11-23,0.1599,0.3518,0.22335,0.02581
2018-11-24,0.15944,0.28917,0.17481,0.05118
2018-11-25,0.14072,0.28653,0.17063,0.01754
2018-11-26,0.18208,0.53589,0.27626,0.02127
2018-11-27,0.17435,0.52107,0.25608,0.03527
2018-11-28,0.16472,0.49789,0.24453,0.02863
2018-11-29,0.18199,0.53452,0.25599,0.02799
2018-11-30,0.16463,0.53898,0.23672,0.0309
2018-12-01,0.14199,0.47925,0.19781,0.01927
2018-12-02,0.15781,0.46853,0.19026,0.01536
2018-12-03,0.19672,0.92488,0.30671,0.02381
2018-12-04,0.1859,0.83442,0.29562,0.02799
2018-12-05,0.19235,0.76852,0.26281,0.02499
2018-12-06,0.18244,0.77061,0.26717,0.02872
2018-12-07,0.17972,0.8127,0.23299,0.02645
2018-12-08,0.15699,0.68061,0.19508,0.02245
2018-12-09,0.16826,0.66425,0.18853,0.0199
2018-12-10,0.23308,1.12642,0.28226,0.02254
2018-12-11,0.21117,1.03169,0.27608,0.02281
2018-12-12,0.19926,0.99533,0.25926,0.0229
2018-12-13,0.18608,1.02169,0.25771,0.02445
2018-12-14,0.18072,1.05905,0.24008,0.02318
2018-12-15,0.17872,0.9057,0.20617,0.02027
2018-12-16,0.17054,0.90279,0.21026,0.01572
2018-12-17,0.22399,1.64576,0.31835,0.0239
2018-12-18,0.19635,1.46313,0.29053,0.02963
2018-12-19,0.2139,1.53795,0.30199,0.02163
2018-12-20,0.20526,1.57877,0.28371,0.02181
2018-12-21,0.18517,1.63995,0.27181,0.02709
2018-12-22,0.17654,1.6514,0.25071,0.01563
2018-12-23,0.1659,1.30886,0.21353,0.01418
2018-12-24,0.19899,1.81158,0.28299,0.01809
2018-12-25,0.1679,1.1476,0.20244,0.01318
2018-12-26,0.22308,1.62604,0.28071,0.01618
2018-12-27,0.20026,1.2805,0.25781,0.02127
2018-12-28,0.17954,1.18841,0.24808,0.02081
2018-12-29,0.15754,0.88797,0.20072,0.01527
2018-12-30,0.14035,0.79961,0.16999,0.01018
2018-12-31,0.14808,0.88424,0.22162,0.01036
2019-01-01,0.12208,0.5767,0.17344,0.01336
2019-01-02,0.15999,0.82097,0.24235,0.01418
2019-01-03,0.16081,0.70652,0.23562,0.01763
2019-01-04,0.15008,0.63579,0.21135,0.01063
2019-01-05,0.12154,0.46116,0.18535,0.01181
2019-01-06,0.11699,0.44371,0.16799,0.00827
2019-01-07,0.15263,0.65307,0.24026,0.00909
2019-01-08,0.12245,0.48789,0.21499,0.01327
2019-01-09,0.13472,0.42607,0.20963,0.01172
2019-01-10,0.11699,0.38835,0.22362,0.01272
2019-01-11,0.10708,0.34498,0.21017,0.01118
2019-01-12,0.09472,0.26126,0.16799,0.00909
2019-01-13,0.08654,0.23581,0.15235,0.00709
2019-01-14,0.10836,0.34362,0.2219,0.00763
2019-01-15,0.09726,0.2599,0.19881,0.01081
2019-01-16,0.09754,0.23962,0.18663,0.00954
2019-01-17,0.10008,0.22099,0.17854,0.00909
2019-01-18,0.09217,0.19881,0.16999,0.00963
2019-01-19,0.07699,0.15335,0.14145,0.00681
2019-01-20,0.08663,0.15181,0.13835,0.00845
2019-01-21,0.11399,0.22699,0.21326,0.00999
2019-01-22,0.10563,0.18972,0.18499,0.00981
2019-01-23,0.10481,0.17399,0.17154,0.01209
2019-01-24,0.09463,0.17817,0.15808,0.0119
2019-01-25,0.13063,0.34944,0.15826,0.01254
2019-01-26,0.1069,0.22672,0.13963,0.00818
2019-01-27,0.08508,0.19217,0.12281,0.00718
2019-01-28,0.11326,0.27099,0.17626,0.00836
2019-01-29,0.11045,0.22626,0.16708,0.01172
2019-01-30,0.09981,0.1849,0.15872,0.01145
2019-01-31,0.09299,0.17081,0.1519,0.01145
2019-02-01,0.08072,0.14517,0.12772,0.01018
2019-02-02,0.0749,0.12626,0.11381,0.00818
2019-02-03,0.08354,0.10599,0.11472,0.00599
2019-02-04,0.07208,0.09572,0.1079,0.00336
2019-02-05,0.06999,0.09254,0.10754,0.00318
2019-02-06,0.08845,0.1109,0.11926,0.00536
2019-02-07,0.10299,0.15572,0.17208,0.0079
2019-02-08,0.0959,0.12454,0.1519,0.0099
2019-02-09,0.09436,0.09363,0.13163,0.00781
2019-02-10,0.0929,0.08536,0.10563,0.00554
2019-02-11,0.11008,0.13135,0.14681,0.00909
2019-02-12,0.10054,0.1179,0.14426,0.01045
2019-02-13,0.09545,0.10599,0.14572,0.00818
2019-02-14,0.08945,0.10345,0.13781,0.00727
2019-02-15,0.08099,0.09172,0.1329,0.0089
2019-02-16,0.06799,0.07081,0.11417,0.00818
2019-02-17,0.0799,0.07554,0.10536,0.00609
2019-02-18,0.08854,0.11799,0.1549,0.00809
2019-02-19,0.08827,0.09872,0.14472,0.0089
2019-02-20,0.0819,0.10017,0.14135,0.00854
2019-02-21,0.07645,0.0889,0.14699,0.01145
2019-02-22,0.07354,0.09545,0.14126,0.00954
2019-02-23,0.06572,0.07499,0.11045,0.0119
2019-02-24,0.06763,0.0719,0.09899,0.00718
2019-02-25,0.08463,0.11099,0.15899,0.01045
2019-02-26,0.07945,0.09899,0.14626,0.01018
2019-02-27,0.08308,0.09554,0.14054,0.01145
2019-02-28,0.07681,0.08145,0.12572,0.01199
2019-03-01,0.07317,0.07763,0.10472,0.00772
2019-03-02,0.06354,0.07599,0.11436,0.00981
2019-03-03,0.07108,0.07208,0.10363,0.00636
2019-03-04,0.09217,0.10063,0.14617,0.00963
2019-03-05,0.0829,0.08799,0.15508,0.00863
2019-03-06,0.07827,0.08617,0.14372,0.01127
2019-03-07,0.07254,0.08708,0.13708,0.00909
2019-03-08,0.07154,0.08972,0.13408,0.0079
2019-03-09,0.08254,0.07781,0.1219,0.00718
2019-03-10,3.33989,0.08545,0.12208,0.00627
2019-03-11,15.72071,0.15381,0.16272,0.00836
2019-03-12,0.12508,0.13963,0.15381,0.01227
2019-03-13,0.24781,0.13963,0.15563,0.00936
2019-03-14,0.10226,0.15599,0.15081,0.0079
2019-03-15,0.09517,0.18435,0.14254,0.00599
2019-03-16,0.08545,0.14835,0.12372,0.00654
2019-03-17,0.1099,0.17226,0.12654,0.00663
2019-03-18,0.14063,0.33508,0.17535,0.00718
2019-03-19,0.12954,0.31199,0.17635,0.01054
2019-03-20,0.12008,0.32071,0.16908,0.00999
2019-03-21,0.12163,0.33244,0.17081,0.00981
2019-03-22,0.12881,0.32499,0.1659,0.00809
2019-03-23,0.11308,0.2649,0.14035,0.00754
2019-03-24,0.12308,0.25099,0.14163,0.00499
2019-03-25,0.16881,0.50562,0.20963,0.00863
2019-03-26,0.1459,0.44298,0.19299,0.0079
2019-03-27,0.14399,0.52352,0.19899,0.0069
2019-03-28,0.13226,0.46144,0.20435,0.00918
2019-03-29,0.13154,0.43171,0.19599,0.00945
2019-03-30,0.12717,0.34526,0.16926,0.00881
2019-03-31,0.13245,0.33235,0.15826,0.00881
2019-04-01,0.16544,0.58534,0.23662,0.00799
2019-04-02,0.15754,0.55125,0.2179,0.00972
2019-04-03,0.1449,0.51043,0.20517,0.01081
2019-04-04,0.1429,0.50734,0.20408,0.01081
2019-04-05,0.13699,0.4508,0.19263,0.00781
2019-04-06,0.11345,0.39235,0.16426,0.00672
2019-04-07,0.1469,0.39244,0.16172,0.00781
2019-04-08,0.19844,0.73997,0.24553,0.0099
2019-04-09,0.18154,0.67507,0.23162,0.01018
2019-04-10,0.15481,0.61307,0.2219,0.00799
2019-04-11,0.14935,0.57652,0.20872,0.00799
2019-04-12,0.12572,0.57725,0.19235,0.00772
2019-04-13,0.11008,0.42889,0.16863,0.00718
2019-04-14,0.12726,0.40998,0.16326,0.00563
2019-04-15,0.16499,0.76015,0.24753,0.00854
2019-04-16,0.14808,0.66861,0.21872,0.00963
2019-04-17,0.14099,0.6227,0.20326,0.00954
2019-04-18,0.13445,0.57489,0.21853,0.01009
2019-04-19,0.12608,0.50934,0.20672,0.00863
2019-04-20,0.10008,0.36698,0.16581,0.00854
2019-04-21,0.16654,0.36571,0.15145,0.00872
2019-04-22,0.14408,0.62507,0.22181,0.01254
2019-04-23,0.12499,0.50671,0.21226,0.01072
2019-04-24,0.10854,0.39826,0.2009,0.00781
2019-04-25,0.10554,0.35189,0.19744,0.00963
2019-04-26,0.10881,0.29199,0.18681,0.00854
2019-04-27,0.08299,0.20299,0.15199,0.00499
2019-04-28,0.1049,0.35826,0.15263,0.00409
2019-04-29,0.17254,0.63498,0.22344,0.00918
2019-04-30,0.15035,0.48689,0.20626,0.00763
2019-05-01,0.13845,0.26735,0.17554,0.00627
2019-05-02,0.14808,0.30826,0.20753,0.00663
2019-05-03,0.13435,0.24981,0.18417,0.00718
2019-05-04,0.09872,0.19817,0.15326,0.00436
2019-05-05,0.11163,0.1569,0.13181,0.00436
2019-05-06,0.13454,0.18317,0.18699,0.00672
2019-05-07,0.18181,0.25026,0.24662,0.00736
2019-05-08,0.16899,0.20899,0.24017,0.00899
2019-05-09,0.14835,0.17526,0.22472,0.00727
2019-05-10,0.13899,0.1599,0.20599,0.00827
2019-05-11,0.13599,0.11572,0.16863,0.0069
2019-05-12,0.13935,0.12145,0.15481,0.00636
2019-05-13,0.16899,0.18126,0.23744,0.00836
2019-05-14,0.1499,0.15744,0.22444,0.0089
2019-05-15,0.15317,0.1409,0.21744,0.00581
2019-05-16,0.14508,0.13117,0.21744,0.00563
2019-05-17,0.12535,0.11636,0.20817,0.00599
2019-05-18,0.11508,0.08108,0.1589,0.00554
2019-05-19,0.12281,0.08108,0.14908,0.00781
2019-05-20,0.15063,0.11517,0.23008,0.00918
2019-05-21,0.13472,0.10545,0.20535,0.01163
2019-05-22,0.14217,0.10172,0.20835,0.0099
2019-05-23,0.14081,0.0979,0.2019,0.00599
2019-05-24,0.12872,0.08217,0.18926,0.0089
2019-05-25,0.10663,0.06499,0.15099,0.00718
2019-05-26,0.14445,0.06899,0.14426,0.00836
2019-05-27,0.15644,0.09799,0.22108,0.00954
2019-05-28,0.13817,0.08617,0.21581,0.01054
2019-05-29,0.14554,0.08072,0.2059,0.00827
2019-05-30,0.14254,0.07436,0.18808,0.00936
2019-05-31,0.14281,0.06354,0.1849,0.0079
2019-06-01,0.13117,0.04718,0.14081,0.00699
2019-06-02,0.12363,0.05808,0.14526,0.0059
2019-06-03,0.14672,0.08117,0.22044,0.00999
2019-06-04,0.14635,0.06872,0.19044,0.00909
2019-06-05,0.13554,0.06072,0.18054,0.00918
2019-06-06,0.1199,0.04781,0.14499,0.00581
2019-06-07,0.13254,0.04699,0.18363,0.00654
2019-06-08,0.12599,0.04408,0.1419,0.00709
2019-06-09,0.13372,0.04954,0.1379,0.00581
2019-06-10,0.14526,0.06627,0.18472,0.00736
2019-06-11,0.13245,0.06163,0.1819,0.01263
2019-06-12,0.13172,0.09708,0.17581,0.01063
2019-06-13,0.1189,0.06008,0.16544,0.01072
2019-06-14,0.11272,0.05381,0.15708,0.00881
2019-06-15,0.09499,0.03481,0.12326,0.01354
2019-06-16,0.10536,0.04172,0.10699,0.0059
2019-06-17,0.13435,0.06108,0.16844,0.00981
2019-06-18,0.11345,0.0459,0.16954,0.00663
2019-06-19,0.08708,0.05327,0.16654,0.00809
2019-06-20,0.07817,0.04627,0.15208,0.00818
2019-06-21,0.07654,0.04345,0.14781,0.00645
2019-06-22,0.06018,0.0299,0.11217,0.00518
2019-06-23,0.07108,0.03799,0.1079,0.00463
2019-06-24,0.08727,0.05163,0.16054,0.00681
2019-06-25,0.07099,0.04081,0.15863,0.0059
2019-06-26,0.07545,0.04108,0.15017,0.00645
2019-06-27,0.07117,0.03563,0.1459,0.00427
2019-06-28,0.05927,0.03372,0.13572,0.00454
2019-06-29,0.05563,0.02836,0.10826,0.00418
2019-06-30,0.05627,0.03227,0.09863,0.00272
2019-07-01,0.06981,0.04363,0.15817,0.00572
2019-07-02,0.06681,0.03854,0.15526,0.00563
2019-07-03,0.06936,0.03699,0.14181,0.00663
2019-07-04,0.06908,0.03536,0.13317,0.00872
2019-07-05,0.06545,0.02872,0.12963,0.00481
2019-07-06,0.05236,0.02545,0.10708,0.00281
2019-07-07,0.05908,0.03054,0.09517,0.00481
2019-07-08,0.08681,0.04336,0.15172,0.00754
2019-07-09,0.07963,0.04018,0.13735,0.00527
2019-07-10,0.08427,0.03772,0.13126,0.00581
2019-07-11,0.08345,0.03918,0.13963,0.00654
2019-07-12,0.07936,0.03545,0.13181,0.00609
2019-07-13,0.06254,0.02518,0.09726,0.00472
2019-07-14,0.07081,0.0289,0.09636,0.0059
2019-07-15,0.09636,0.04818,0.1489,0.00672
2019-07-16,0.08881,0.03954,0.13854,0.0059
2019-07-17,0.08808,0.0369,0.13681,0.00509
2019-07-18,0.0779,0.03208,0.1289,0.00436
2019-07-19,0.07108,0.02527,0.11954,0.00572
2019-07-20,0.06299,0.02227,0.09426,0.00381
2019-07-21,0.05827,0.02227,0.08154,0.00354
2019-07-22,0.07372,0.03272,0.13254,0.00463
2019-07-23,0.06954,0.0289,0.12826,0.00609
2019-07-24,0.07045,0.02627,0.12845,0.0049
2019-07-25,0.06972,0.02554,0.12036,0.00436
2019-07-26,0.06254,0.02745,0.11099,0.00381
2019-07-27,0.07581,0.01963,0.09163,0.00281
2019-07-28,0.6327,0.02354,0.07899,0.00236
2019-07-29,0.07654,0.0329,0.13272,0.00445
2019-07-30,0.05927,0.02845,0.12481,0.00409
2019-07-31,0.06436,0.02563,0.11526,0.00299
2019-08-01,0.06317,0.0269,0.11108,0.00354
2019-08-02,0.07008,0.02309,0.10726,0.00299
2019-08-03,0.06536,0.01672,0.08881,0.00363
2019-08-04,0.07908,0.0199,0.08808,0.00327
2019-08-05,0.0979,0.02699,0.13072,0.0039
2019-08-06,2.31129,0.02527,0.12654,0.00381
2019-08-07,0.09181,0.02872,0.12917,0.00572
2019-08-08,0.07981,0.02672,0.12345,0.00536
2019-08-09,0.08254,0.02699,0.11845,0.00627
2019-08-10,0.0829,0.02118,0.09617,0.00445
2019-08-11,0.07608,0.02063,0.0859,0.0039
2019-08-12,0.08154,0.03227,0.14535,0.0039
2019-08-13,0.08427,0.0309,0.14408,0.00581
2019-08-14,0.0839,0.03099,0.12672,0.00627
2019-08-15,0.07545,0.0219,0.09972,0.00363
2019-08-16,0.08663,0.02518,0.13326,0.00399
2019-08-17,0.07017,0.0219,0.10636,0.00309
2019-08-18,0.07272,0.02445,0.0939,0.0039
2019-08-19,0.08317,0.03608,0.15744,0.0059
2019-08-20,0.08345,0.0379,0.19881,0.00827
2019-08-21,0.0839,0.03218,0.14535,0.00727
2019-08-22,0.08172,0.03736,0.13708,0.01299
2019-08-23,0.07463,0.03072,0.13872,0.00809
2019-08-24,0.07145,0.02381,0.10972,0.00427
2019-08-25,0.07499,0.03181,0.11199,0.00672
2019-08-26,0.09245,0.04499,0.17144,0.00699
2019-08-27,0.09563,0.04545,0.15554,0.00745
2019-08-28,0.1009,0.04745,0.14635,0.00781
2019-08-29,0.09472,0.04463,0.14963,0.00599
2019-08-30,0.08581,0.04408,0.14426,0.00663
2019-08-31,0.08817,0.0339,0.13235,0.00618
2019-09-01,0.09017,0.03945,0.11526,0.00445
2019-09-02,0.10417,0.06327,0.17772,0.00736
2019-09-03,0.22562,0.05827,0.15944,0.00754
2019-09-04,0.10981,0.05636,0.1529,0.00618
2019-09-05,0.10472,0.05845,0.16317,0.00727
2019-09-06,0.09526,0.05318,0.15145,0.00618
2019-09-07,0.10299,0.0409,0.12417,0.00409
2019-09-08,0.09445,0.04936,0.11536,0.00627
2019-09-09,0.12099,0.08017,0.19244,0.00572
2019-09-10,0.10799,0.06817,0.17472,0.00536
2019-09-11,0.10445,0.06299,0.16508,0.00599
2019-09-12,0.10354,0.04363,0.11708,0.00545
2019-09-13,0.10545,0.04236,0.10745,0.00345
2019-09-14,0.11036,0.05918,0.12317,0.0039
2019-09-15,0.12317,0.07072,0.13945,0.00481
2019-09-16,0.13772,0.13363,0.22672,0.00681
2019-09-17,0.15172,0.16099,0.20626,0.01045
2019-09-18,0.15517,0.14572,0.19344,0.01172
2019-09-19,0.1649,0.14017,0.21326,0.00854
2019-09-20,0.15726,0.13517,0.18372,0.0059
2019-09-21,0.1219,0.10426,0.14263,0.00563
2019-09-22,0.12508,0.10245,0.13526,0.00627
2019-09-23,0.14699,0.17644,0.21772,0.00672
2019-09-24,0.13326,0.16608,0.21362,0.00818
2019-09-25,0.12863,0.16217,0.20108,0.0099
2019-09-26,0.13145,0.16235,0.21035,0.00863
2019-09-27,0.12108,0.14763,0.19617,0.0089
2019-09-28,0.10181,0.11699,0.15163,0.00536
2019-09-29,0.10099,0.10617,0.14781,0.00336
2019-09-30,0.13417,0.18244,0.26099,0.00881
2019-10-01,0.12426,0.16117,0.21653,0.0079
2019-10-02,0.11317,0.15063,0.19981,0.00518
2019-10-03,0.09726,0.09608,0.15608,0.00581
2019-10-04,0.10445,0.15217,0.2099,0.00581
2019-10-05,0.10236,0.1139,0.16644,0.00472
2019-10-06,0.11654,0.11545,0.14363,0.00472
2019-10-07,0.1459,0.20172,0.2419,0.00627
2019-10-08,0.15045,0.20535,0.20508,0.00645
2019-10-09,0.13317,0.15026,0.15744,0.00499
2019-10-10,0.16426,0.23262,0.22153,0.00645
2019-10-11,0.14445,0.1969,0.21326,0.00772
2019-10-12,0.1109,0.14654,0.16999,0.00509
2019-10-13,0.11945,0.13899,0.15563,0.00427
2019-10-14,0.86642,0.27326,0.2639,0.00581
2019-10-15,0.15335,0.30517,0.23653,0.00645
2019-10-16,0.15481,0.2719,0.24862,0.00799
2019-10-17,0.14681,0.26126,0.24644,0.00927
2019-10-18,0.13017,0.24262,0.24262,0.00836
2019-10-19,0.10972,0.19617,0.2039,0.00536
2019-10-20,0.11563,0.18717,0.18072,0.00527
2019-10-21,0.15399,0.3198,0.2948,0.00881
2019-10-22,0.14399,0.28835,0.28171,0.00972
2019-10-23,0.1299,0.29208,0.28253,0.0099
2019-10-24,0.14272,0.25444,0.2709,0.00963
2019-10-25,0.12563,0.27335,0.24253,0.00781
2019-10-26,0.12863,0.22426,0.19472,0.00836
2019-10-27,0.12472,0.19935,0.16463,0.00699
2019-10-28,0.17572,0.35717,0.28371,0.00863
2019-10-29,0.15881,0.31171,0.25808,0.00936
2019-10-30,0.15335,0.26871,0.25517,0.00954
2019-10-31,0.13681,0.25826,0.25799,0.01054
2019-11-01,0.12054,0.24426,0.24899,0.00772
2019-11-02,0.10226,0.19917,0.2019,0.00872
2019-11-03,0.11099,0.18735,0.1869,0.0059
2019-11-04,0.14917,0.27926,0.31999,0.00754
2019-11-05,0.15617,0.2709,0.30717,0.01272
2019-11-06,0.15526,0.27171,0.33371,0.01009
2019-11-07,0.13481,0.25917,0.3088,0.00999
2019-11-08,0.19344,0.23544,0.29199,0.01036
2019-11-09,0.13154,0.18999,0.22035,0.00809
2019-11-10,0.12954,0.17554,0.20708,0.00809
2019-11-11,0.16117,0.30589,0.37498,0.00936
2019-11-12,0.14672,0.25153,0.35698,0.01081
2019-11-13,0.19344,0.25871,0.51298,0.01163
2019-11-14,0.15254,0.22972,0.4088,0.01227
2019-11-15,0.15035,0.48907,0.30417,0.01236
2019-11-16,0.11236,0.27635,0.22272,0.0079
2019-11-17,0.13408,0.23681,0.23117,0.00799
2019-11-18,0.17617,0.40271,0.34935,0.01136
2019-11-19,0.17899,0.32744,0.31271,0.01309
2019-11-20,0.15117,0.28371,0.29626,0.01345
2019-11-21,0.16344,0.2779,0.31189,0.01345
2019-11-22,0.16254,0.25662,0.29326,0.02309
2019-11-23,0.11645,0.19244,0.23762,0.01099
2019-11-24,0.12363,0.18444,0.22062,0.01118
2019-11-25,0.14981,0.32835,0.34908,0.01209
2019-11-26,0.15481,0.2909,0.31917,0.01481
2019-11-27,0.15863,0.28344,0.32226,0.0139
2019-11-28,0.14263,0.28017,0.29444,0.01736
2019-11-29,0.14863,0.25008,0.28026,0.01518
2019-11-30,0.15426,0.21144,0.23217,0.00927
2019-12-01,0.12008,0.21981,0.21908,0.00836
2019-12-02,0.16108,0.34789,0.33426,0.01372
2019-12-03,0.14426,0.32126,0.30444,0.0139
2019-12-04,0.14845,0.29317,0.32217,0.01518
2019-12-05,0.16181,0.3108,0.31662,0.01672
2019-12-06,0.13772,0.28944,0.28853,0.01336
2019-12-07,0.12408,0.24699,0.22144,0.01309
2019-12-08,0.11863,0.2539,0.19617,0.00836
2019-12-09,0.16308,0.4788,0.3318,0.01272
2019-12-10,0.13981,0.40789,0.30671,0.01881
2019-12-11,0.13972,0.39007,0.30299,0.01854
2019-12-12,0.13954,0.38226,0.30526,0.0199
2019-12-13,0.14217,0.44098,0.28344,0.01881
2019-12-14,0.11363,0.35898,0.21672,0.01499
2019-12-15,0.12445,0.35189,0.20381,0.01163
2019-12-16,0.16417,0.66434,0.33217,0.01536
2019-12-17,0.16172,0.59634,0.30362,0.02245
2019-12-18,0.15063,0.56607,0.2918,0.01999
2019-12-19,0.16935,0.56161,0.28608,0.0189
2019-12-20,0.15226,0.50853,0.26899,0.01854
2019-12-21,0.12899,0.43062,0.2249,0.01599
2019-12-22,0.1409,0.44362,0.1919,0.01427
2019-12-23,0.19126,0.75988,0.3008,0.01772
2019-12-24,0.15881,0.60034,0.26544,0.02418
2019-12-25,0.15608,0.41498,0.19963,0.01163
2019-12-26,0.18417,0.83261,0.29299,0.01518
2019-12-27,0.18044,0.77006,0.26662,0.02363
2019-12-28,0.16663,0.62289,0.22535,0.01609
2019-12-29,0.15826,0.57089,0.21626,0.01181
2019-12-30,0.18126,0.8857,0.31562,0.02054
2019-12-31,0.16581,0.64488,0.31153,0.02236
2020-01-01,0.14454,0.48434,0.4488,0.01699
2020-01-02,0.19508,0.85751,0.36471,0.01827
2020-01-03,0.19581,0.80443,0.46598,0.02845
2020-01-04,0.60343,0.86961,0.49571,0.02136
2020-01-05,0.20081,0.84152,0.41644,0.01927
2020-01-06,0.23081,1.1816,0.66088,0.03154
2020-01-07,0.20853,0.96233,0.5777,0.03927
2020-01-08,0.1949,0.81824,11.3932,0.02636
2020-01-09,0.1979,0.77115,8.93,39.62181
2020-01-10,0.17854,0.72197,0.62352,11.13921
2020-01-11,0.15872,0.5578,0.66398,0.50434
2020-01-12,0.16199,0.50962,0.42062,0.21144
2020-01-13,0.17744,0.83315,0.56871,0.19244
2020-01-14,0.16708,0.7147,0.49453,0.25108
2020-01-15,0.15999,0.5947,0.48116,0.15535
2020-01-16,0.16754,0.5917,0.79143,0.38498
2020-01-17,0.1659,0.56916,0.79361,0.55043
2020-01-18,0.14345,0.42089,0.55216,0.26262
2020-01-19,0.15217,0.39953,0.61598,0.32662
2020-01-20,0.19217,0.70343,3.63716,20.6961
2020-01-21,0.22462,0.59789,4.31987,35.33284
2020-01-22,0.23808,0.56661,3.66416,29.74474
2020-01-23,0.30308,0.55625,3.18035,100
2020-01-24,0.34689,0.40226,2.48156,86.11541
2020-01-25,0.70888,0.39744,3.40926,62.84847
2020-01-26,0.96569,0.40126,3.43989,39.62772
2020-01-27,1.39513,0.50253,4.38777,57.07446
2020-01-28,1.56922,0.64298,4.5434,72.63073
2020-01-29,1.19978,0.49207,2.73,52.06261
2020-01-30,0.98978,0.44953,2.17811,45.93889
2020-01-31,1.35841,0.84061,2.1802,58.4187
2020-02-01,1.29296,0.79288,1.44032,41.5073
2020-02-02,1.4925,0.45298,1.37923,41.73647
2020-02-03,1.20932,0.49516,1.33886,50.1994
2020-02-04,1.06169,0.37907,0.99397,37.28806
2020-02-05,1.09323,0.34444,0.85588,35.23094
2020-02-06,1.03724,0.31644,0.79524,39.3959
2020-02-07,0.91715,0.25808,0.80733,31.71404
2020-02-08,0.89597,0.18081,0.53789,40.46614
2020-02-09,0.77052,0.17208,0.46189,36.07691
2020-02-10,0.63816,0.21499,0.50871,52.11234
2020-02-11,0.5338,0.17072,0.40544,18.13918
2020-02-12,0.47862,0.15281,0.37889,15.90997
2020-02-13,0.38444,0.13999,0.37753,15.08472
2020-02-14,0.32153,0.11808,0.2769,16.94803
2020-02-15,0.35944,0.10026,0.25471,10.34468
2020-02-16,0.35171,0.0899,0.35953,9.79906
2020-02-17,0.32426,0.12045,0.45144,10.98521
2020-02-18,0.32108,0.11963,1.00833,14.97945
2020-02-19,0.59207,0.13172,0.96769,40.75986
2020-02-20,0.98306,0.17026,1.15151,59.21885
2020-02-21,1.42804,0.17808,1.17051,72.15665
2020-02-22,1.91594,0.19472,1.27032,85.23907
2020-02-23,1.94203,0.19326,1.15841,82.90014
2020-02-24,1.78603,0.22708,1.17887,79.89478
2020-02-25,1.67058,0.20181,1.02206,79.95441
2020-02-26,1.42177,0.19281,0.87142,71.26268
2020-02-27,1.2255,0.18535,0.75252,71.07204
2020-02-28,1.24941,0.16544,0.6417,66.20619
2020-02-29,1.3085,0.16108,0.52989,61.04053
2020-03-01,1.23605,0.13754,0.44589,56.20422
2020-03-02,0.8816,0.13345,0.4408,60.86853
2020-03-03,0.67934,0.11917,0.39853,47.17367
2020-03-04,0.82579,0.1079,0.35671,39.84053
2020-03-05,0.64916,0.09745,0.31726,33.24218
2020-03-06,0.58625,0.09163,0.28071,29.61647
2020-03-07,0.71743,0.0769,0.22762,26.90492
2020-03-08,0.58752,0.06717,0.20553,26.4902
2020-03-09,0.45435,0.09263,0.23962,29.79228
2020-03-10,0.46934,0.09108,0.28635,28.49514
2020-03-11,0.70143,0.08945,0.30208,24.02346
2020-03-12,0.55771,0.10008,0.26335,20.56511
2020-03-13,0.40744,0.07808,0.22799,19.29851
2020-03-14,0.50816,0.0689,0.19108,16.62577
2020-03-15,5.0273,0.06754,0.16644,14.92164
2020-03-16,0.52925,0.12036,0.20826,16.8914
2020-03-17,0.49134,0.2749,0.24172,14.70828
2020-03-18,0.44625,0.15999,0.56771,13.9044
2020-03-19,0.47171,0.10754,1.10896,18.50553
2020-03-20,0.44453,0.14426,0.88197,13.56359
2020-03-21,0.4738,0.09381,0.28426,11.28111
2020-03-22,0.94142,0.07108,0.20372,11.1433
2020-03-23,0.36689,0.09354,0.24172,11.56656
2020-03-24,0.29562,0.0739,0.19799,10.87394
2020-03-25,0.29508,0.06099,0.18535,10.51795
2020-03-26,0.27471,0.06699,0.16899,10.38105
2020-03-27,0.28517,0.07836,0.17272,10.15869
2020-03-28,0.32717,0.06272,0.1399,10.25105
2020-03-29,0.32462,0.06754,0.12863,8.86464
2020-03-30,0.31962,0.06354,0.1789,8.6911
2020-03-31,0.30762,0.05954,0.18817,8.30075
2020-04-01,0.2289,0.06018,0.1709,7.70922
2020-04-02,0.22862,0.05527,0.16108,7.50622
2020-04-03,0.22453,0.05118,0.15517,7.44741
2020-04-04,0.26708,0.0549,0.1209,6.04172
2020-04-05,0.26281,0.04918,0.11436,5.55301
2020-04-06,0.20717,0.05763,0.14026,10.90885
2020-04-07,0.24626,0.07227,0.15017,6.23063
2020-04-08,0.20463,0.04999,0.13172,5.6701
2020-04-09,0.1729,0.04672,0.13463,5.61237
2020-04-10,0.18881,0.04263,0.11526,6.2549
2020-04-11,0.20763,0.07472,0.09336,5.82991
2020-04-12,0.19608,0.03545,0.10054,5.00848
2020-04-13,0.17454,0.05072,0.12526,5.32111
2020-04-14,0.22717,0.04308,0.12126,5.00666
2020-04-15,0.21744,0.03918,0.09008,4.97503
2020-04-16,0.15463,0.04427,0.1119,5.45701
2020-04-17,0.16563,0.04608,0.11026,4.7484
2020-04-18,0.17654,0.02872,0.07627,4.22987
2020-04-19,0.17354,0.03299,0.0889,4.90394
2020-04-20,0.1319,0.04145,0.12126,5.54437
2020-04-21,0.13135,0.04099,0.10872,4.68531
2020-04-22,0.14308,0.04836,0.11345,4.73403
2020-04-23,0.13854,0.06317,0.11972,4.52131
2020-04-24,0.12235,0.05308,0.1129,4.51768
2020-04-25,0.12781,0.02709,0.08672,4.13405
2020-04-26,0.13363,0.03263,0.08136,3.95342
2020-04-27,0.11226,0.04427,0.1039,4.11033
2020-04-28,0.11481,0.03981,0.10336,3.73088
2020-04-29,0.10781,0.04163,0.09136,3.78952